ISO3_Code,Country,Law,Category,Year,Link,Revision Year
ALB,Albania,Law No. 9049 On the Declaration of and Control over the Assets and Financial Obligations of Elected Persons and Other Public Officials,Abuse of authority law,2003,https://qbz.gov.al/eli/ligj/2003/04/10/9049,
ALB,Albania,Law No. 9367 On the Prevention of Conflicts of Interest in the Exercise of Public Functions,Abuse of authority law,2005,https://qbz.gov.al/eli/ligj/2005/04/07/9367,
ALB,Albania,Law for the register of beneficial owners,Beneficial ownership,2020,https://qbz.gov.al/preview/caaa4106-aab1-44bb-a34b-1ada78851423/cons/20220216,
ALB,Albania,Law on the Organization and Functioning of Institutions to Fight Corruption and Organized Crime,General Corruption Law,2016,https://qbz.gov.al/eli/ligj/2016/10/06/95-2016,
ALB,Albania,Criminal Code of the Republic of Albania,General Corruption Law,1995,https://legislationline.org/sites/default/files/documents/bb/Albania_CC_1995_am2017_en.pdf,
ALB,Albania,Criminal Procedure Code,General Corruption Law,1995,https://qbz.gov.al/preview/a2b117e6-69b2-4355-aa49-78967c31bf4d,
ALB,Albania,Law on the Prevention and Combating Organised Crime,General Corruption Law,2009,https://mb.gov.al/wp-content/uploads/2024/10/LIGJ-PER-PARANDALIMIN-DHE-GODITJEN-E-KRIMIT-TE-ORGANIZUAR-Nr.-10-192-date-3.12.2009.pdf,
ALB,Albania,Law on the Prevention of Money Laundering and Terrorism Financing,Money laundering law,2008,https://qbz.gov.al/eli/ligj/2008/05/19/9917,
ALB,Albania,Law on Political Parties,Political financing law,2000,https://kqz.gov.al/pdf/ligji-per-partite-politike-2020.pdf,
ALB,Albania,Law on the Administration of Sequested and Confiscated Property,General Corruption Law,2019,https://qbz.gov.al/share/UOewAE_1QtiMXybFM89QPA,
ALB,Albania,Law on Public Procurement,Public financial management law,2020,https://qbz.gov.al/preview/aef29e14-849b-4f8c-9915-888c861bcb4f/cons/20240308,
ALB,Albania,Law No. 9131 On the Rules of Ethics in Public Administration,General Corruption Law,2003,https://qbz.gov.al/preview/f2b91a5c-52e9-4e29-b367-4b9c6e294dc8/cons/20220422,
ALB,Albania,Law No. 152/2013 On Civil Service,General Corruption Law,2013,https://qbz.gov.al/eli/ligj/2013/05/30/152-2013,
ALB,Albania,Access to Information law,General Corruption Law,2014,https://qbz.gov.al/preview/f5b3bd78-80cf-4fb0-8037-7700f3b9e139/cons/20231108,
ALB,Albania,Law No. 60/2016 On Whistleblowing and Whistleblower Protection,Whistleblowing law,2016,https://qbz.gov.al/eli/ligj/2016/06/02/60-2016,
ARG,Argentina,Framework Act on the Regulation of National Public Employment,Abuse of authority law,1999,https://servicios.infoleg.gob.ar/infolegInternet/verNorma.do?id=60458&utm,1999
ARG,Argentina,State Liability Law,Abuse of authority law,2014,https://servicios.infoleg.gob.ar/infolegInternet/verNorma.do?id=233216&utm_sourc,2019
ARG,Argentina,Money Laundering & Creation of FIU (UIF),Financial crime law,2000,https://servicios.infoleg.gob.ar/infolegInternet/verNorma.do?id=62977&utm,2023
ARG,Argentina,Code of Ethics in Public Administration,General Corruption Law,1999,https://servicios.infoleg.gob.ar/infolegInternet/anexos/55000-59999/55841/norma.htm,1999
ARG,Argentina,Criminal Code of Argentina ,General Corruption Law,1921,https://servicios.infoleg.gob.ar/infolegInternet/anexos/15000-19999/16546/texact.htm,2025
ARG,Argentina,Ethics in Public Office,General Corruption Law,1999,https://servicios.infoleg.gob.ar/infolegInternet/verNorma.do?id=60847&utm,2020
ARG,Argentina,Corporate Criminal Liability,Private Sector Law,2017,https://servicios.infoleg.gob.ar/infolegInternet/verNorma.do?id=296846&utm,2022
ARG,Argentina,"Secretariat of Public Ethics, Transparency and Anti-Corruption",Private Sector Law,2018,https://servicios.infoleg.gob.ar/infolegInternet/anexos/275000-279999/275114/norma.htm,2018
ARG,Argentina,Effective Collaborator (“Repentant” Law),Whistleblowing law,2016,https://servicios.infoleg.gob.ar/infolegInternet/verNorma.do?id=267115&utm,2016
ARG,Argentina,Access to Public Information,Whistleblowing law,2016,https://servicios.infoleg.gob.ar/infolegInternet/verNorma.do?id=265949&utm_source,2020
ARG,Argentina,National Program for Witness & Defendant Protection,Whistleblowing law,2003,https://servicios.infoleg.gob.ar/infolegInternet/verNorma.do?id=87581&utm_source,2018
ARM,Armenia,Law on Anti-Corruption Committee,General Corruption Law,2021,https://www.arlis.am/hy/acts/151799,
ARM,Armenia,Law on Corruption Prevention Commission,General Corruption Law ,2017,https://www.arlis.am/hy/acts/114355,
ARM,Armenia,Criminal Code of the Republic of Armenia,General Corruption Law,2021,https://www.arlis.am/hy/acts/153080,
ARM,Armenia,Code of Criminal Procedure,General Corruption Law,1998,https://www.arlis.am/hy/acts/154763,2021
ARM,Armenia,The law on public service,General Corruption Law,2018,https://www.arlis.am/hy/acts/120832,
ARM,Armenia,Law on the fight against Money Laundering and Terrorist Financing,Money laundering law,2008,https://www.arlis.am/hy/acts/93142,2014
ARM,Armenia,Law on Political Parties,Political financing law,2016,https://www.arlis.am/hy/acts/110534,
ARM,Armenia,Law on Purchases ,Public financial management law,2016,https://www.arlis.am/hy/acts/110820,
ARM,Armenia,Law on the forceful confiscation of property of illegal origin,Public financial management law,2020,https://www.arlis.am/hy/acts/142347,
ARM,Armenia,Freedom of information law ,General Corruption Law,2003,https://www.arlis.am/hy/acts/1372,
ARM,Armenia,Law on the Whistleblowing System,Whistleblowing law,2017,https://www.arlis.am/hy/acts/114364,
AUS,Australia,National Anti-Corruption Act,Abuse of authority law,2022,https://www.legislation.gov.au/C2022A00088/latest/text,2025
AUS,Australia,Commonwealth Authorities and Companies Amendment Act 2008,Abuse of authority law,1997,https://www.legislation.gov.au/C2008A00020/latest/text,2005
AUS,Australia,National Anti-Corruption Act,Abuse of authority law,2022,https://www.legislation.gov.au/C2022A00088/latest/text,2025
AUS,Australia,Commonwealth Authorities and Companies Amendment Act 2008,Abuse of authority law,1997,https://www.legislation.gov.au/C2008A00020/latest/text,2005
AUS,Australia,Corporations Act ,Financial crime law,2001,https://www.legislation.gov.au/C2004A00818/latest/text/2,2025
AUS,Australia,Australian Securities and Investments Commission Act,Financial crime law,2001,https://www.legislation.gov.au/C2004A00819/latest/text,2025
AUS,Australia,Corporations Act ,Financial crime law,2001,https://www.legislation.gov.au/C2004A00818/latest/text/2,2025
AUS,Australia,Australian Securities and Investments Commission Act,Financial crime law,2001,https://www.legislation.gov.au/C2004A00819/latest/text,2025
AUS,Australia,Criminal Code Act,General Corruption Law,1995,https://www.legislation.gov.au/C2004A04868/latest/text,2024
AUS,Australia,Combatting Foreign Bribery act,General Corruption Law,2024,https://www.legislation.gov.au/C2024A00005/asmade/text,2024
AUS,Australia,Prevention and Combating of Corrupt Activities Act (PRECCA),General Corruption Law,2004,https://www.gov.za/sites/default/files/gcis_document/201409/a12-04.pdf,2024
AUS,Australia,Criminal Code Act,General Corruption Law,1995,https://www.legislation.gov.au/C2004A04868/latest/text,2024
AUS,Australia,Combatting Foreign Bribery act,General Corruption Law,2024,https://www.legislation.gov.au/C2024A00005/asmade/text,2024
AUS,Australia,Prevention and Combating of Corrupt Activities Act (PRECCA),General Corruption Law,2004,https://www.gov.za/sites/default/files/gcis_document/201409/a12-04.pdf,2024
AUS,Australia,Anti-Money Laundering and Counter-Terrorism Financing Act 2006,Money laundering law,2006,https://www.legislation.gov.au/C2006A00169/latest/text,2025
AUS,Australia,Anti-Money Laundering and Counter-Terrorism Financing Act 2006,Money laundering law,2006,https://www.legislation.gov.au/C2006A00169/latest/text,2025
AUS,Australia,Public interest disclosure Act 2013,Whistleblowing law,2013,https://www.legislation.gov.au/C2013A00133/latest/text,2013
AUS,Australia,Public interest disclosure Act 2013,Whistleblowing law,2013,https://www.legislation.gov.au/C2013A00133/latest/text,2013
AUT,Austria,Constitution,Abuse of authority law,1920,https://www.ris.bka.gv.at/GeltendeFassung.wxe?Abfrage=Bundesnormen&Gesetzesnummer=10000238,2025
AUT,Austria,Federal Law on the Establishment and Organization of the Federal Bureau of Anti-Corruption,Abuse of authority law,2009,https://www.ris.bka.gv.at/NormDokument.wxe?Abfrage=Bundesnormen&Gesetzesnummer=20006390&Paragraf=0,2025
AUT,Austria,Lobbying and Interest Representation Transparency Act ,Abuse of authority law,2012,https://www.ris.bka.gv.at/GeltendeFassungDatumsauswahl.wxe?Abfrage=Bundesnormen&Gesetzesnummer=20007924,2024
AUT,Austria,Parties Act ,Abuse of authority law,2012,https://www.ris.bka.gv.at/GeltendeFassung.wxe?Abfrage=Bundesnormen&Gesetzesnummer=20007889,2025
AUT,Austria,Incompatibility and Transparency Act,Abuse of authority law,1983,https://www.ris.bka.gv.at/GeltendeFassung.wxe?Abfrage=Bundesnormen&Gesetzesnummer=10000756,2025
AUT,Austria,Media Cooperation & Subsidy Transparency Act,Abuse of authority law,2011,https://www.ris.bka.gv.at/NormDokument.wxe?Abfrage=Bundesnormen&Gesetzesnummer=20007610&Paragraf=0,2025
AUT,Austria,Act on the Federal Bureau of Anti-Corruption ,Abuse of authority law,2009,https://www.ris.bka.gv.at/GeltendeFassung.wxe?Abfrage=Bundesnormen&Gesetzesnummer=20006390,2023
AUT,Austria,Public Prosecutors Act,Abuse of authority law,1986,https://www.ris.bka.gv.at/GeltendeFassung.wxe?Abfrage=Bundesnormen&Gesetzesnummer=10000842,2025
AUT,Austria,Federal Act on transparency and incompatibilities for the persons in the highest offices and other public officials ,Abuse of authority law,1983,https://www.ris.bka.gv.at/Dokumente/Erv/ERV_1983_330/ERV_1983_330.html,2023
AUT,Austria,Beneficial Owners Register Act,Beneficial ownership,2017,https://www.ris.bka.gv.at/GeltendeFassung.wxe?Abfrage=Bundesnormen&Gesetzesnummer=20009633,2024
AUT,Austria,Federal Act on the Enforcement of Financial Penalties imposed by Administrative Authorities in the European Union,Financial crime law,2008,https://www.ris.bka.gv.at/Dokumente/Erv/ERV_2008_1_3/ERV_2008_1_3.html,2013
AUT,Austria,Banking Act,Financial crime law,1993,https://www.ris.bka.gv.at/GeltendeFassung.wxe?Abfrage=Bundesnormen&Gesetzesnummer=10004827,2025
AUT,Austria,Criminal Code,General Corruption Law,1974,https://www.ris.bka.gv.at/GeltendeFassung.wxe?Abfrage=Bundesnormen&Gesetzesnummer=10002296&utm,2025
AUT,Austria,Criminal Procedure Code,General Corruption Law,1975,https://www.ris.bka.gv.at/GeltendeFassung.wxe?Abfrage=Bundesnormen&Gesetzesnummer=10002326,2025
AUT,Austria,Public Procurement Act,General Corruption Law,2018,https://www.ris.bka.gv.at/NormDokument.wxe?Abfrage=Bundesnormen&Gesetzesnummer=20010295&Paragraf=0,2024
AUT,Austria,Financial Markets Anti-Money Laundering Act,Money laundering law,2016,https://www.ris.bka.gv.at/GeltendeFassung.wxe?Abfrage=Bundesnormen&Gesetzesnummer=20009108,2024
AUT,Austria,Federal Statute on Responsibility of Entities for Criminal Offences,Private Sector Law,2005,https://www.ris.bka.gv.at/GeltendeFassung.wxe?Abfrage=Bundesnormen&Gesetzesnummer=20004425,2025
AUT,Austria,Federal Act Against Unfair Competition,Private Sector Law,1984,https://www.ris.bka.gv.at/Dokumente/Erv/ERV_1984_448/ERV_1984_448.html,2022
AUT,Austria,Corporate Criminal Liability Act,Private Sector Law,2006,https://www.ris.bka.gv.at/GeltendeFassung.wxe?Abfrage=Bundesnormen&Gesetzesnummer=20004425,2023
AUT,Austria,Public Trade Regulation Act,Private Sector Law,1994,https://www.ris.bka.gv.at/GeltendeFassung.wxe?Abfrage=Bundesnormen&Gesetzesnummer=10007517,2025
AUT,Austria,Whistleblower Protection Act,Whistleblowing law,2023,https://www.ris.bka.gv.at/GeltendeFassung.wxe?Abfrage=Bundesnormen&Gesetzesnummer=20012014,2023
BGD,Bangladesh,Anti-Corruption Commission Act,General Corruption Law,2004,,
BGD,Bangladesh,Penal Code ,General Corruption Law,1860,,
BGD,Bangladesh,Prevention of Corruption Act,General Corruption Law,1947,,
BGD,Bangladesh,Money Laundering Prevention Act,Money laundering law,2012,,2015
BGD,Bangladesh,Bank Company Act,Private Sector Law,1991,,2013
BGD,Bangladesh,Contract Act,Private Sector Law,1872,,
BGD,Bangladesh,Public Procurement Act,Public financial management law,2006,,
BGD,Bangladesh,Public Procurement Rules,Public financial management law,2008,,
BGD,Bangladesh,Code of Criminal Procedure ,Public financial management law,1898,,
BGD,Bangladesh,Extradition Act,Public financial management law,1974,,
BGD,Bangladesh,Income Tax Ordinance,General Corruption Law,1984,,
BGD,Bangladesh,Disclosure of Public Interest Information (Disclosure) Act,General Corruption Law,2011,,
BGD,Bangladesh,Right to Information Act,General Corruption Law,2009,,
BEL,Belgium,Penal Code,General Corruption Law,1999,https://www.ejustice.just.fgov.be/eli/loi/1867/06/08/1867060850/justel,2022
BEL,Belgium,Code of Criminal Procedure,General Corruption Law,1967,https://www.ctif-cfi.be/images/documents/French/Ressources/Legislation_belge/MB_tot_goedkeuring_huishoudelijk_reglement_CFI.PDF,2022
BEL,Belgium,Royal Decree,General Corruption Law,2014,https://www.ctif-cfi.be/images/documents/Dutch/Belgische_wetgeving/KB_26-01-2014_FR_NL.pdf,2021
BEL,Belgium,Criminal Liability Act,General Corruption Law,1999,https://www.ejustice.just.fgov.be/cgi_loi/change_lg.pl?cn=1999050460&la=F&language=fr&table_name=loi,1999
BEL,Belgium,Public Procurement Act,General Corruption Law,2016,https://www.ejustice.just.fgov.be/eli/loi/2016/06/17/2016021053/justel,2024
BEL,Belgium,Law of 18 September 2017 on Money laundering and financing terrorism,Money laundering law,2017,https://www.ejustice.just.fgov.be/eli/loi/2017/09/18/2017013368/justel,2024
BEL,Belgium,Law relating to the publicity of the administration.,General Corruption Law,1994,https://www.ejustice.just.fgov.be/eli/loi/1994/04/11/1994000357/justel,2024
BEL,Belgium,"Law relating to the obligation to file a list of mandates, functions and professions and a declaration of assets.",General Corruption Law,1995,https://www.ejustice.just.fgov.be/eli/loi/1995/05/02/1995021222/justel,1995
BEL,Belgium,"Special law implementing and supplementing the special law of May 2, 1995 relating to the obligation to file a list of mandates, functions and professions and a declaration of assets.",General Corruption Law,2004,https://www.ejustice.just.fgov.be/eli/loi/2004/06/26/2004021083/justel,2022
BEL,Belgium,Whistle-blower Protection Act (Private Sector),Whistleblowing law,2022,https://www.ejustice.just.fgov.be/eli/loi/2022/11/28/2022042980/justel,2023
BEL,Belgium,Whistle-blower Protection Act (Public Sector),Whistleblowing law,2022,https://www.ejustice.just.fgov.be/eli/loi/2022/12/08/2022034749/justel,2022
BEL,Belgium,Law on the protection of persons who report breaches of Union or national law within a private sector legal entity ,Whistleblowing law,2022,https://www.ejustice.just.fgov.be/eli/loi/2022/11/28/2022042980/justel,2024
BRA,Brazil,Law of Administrative Improbity,Abuse of authority law,1992,https://www.planalto.gov.br/ccivil_03/leis/l8429.htm,2021
BRA,Brazil,Public Governance Policy of the Federal Public Administration,Abuse of authority law,2017,https://www.planalto.gov.br/ccivil_03/_ato2015-2018/2017/decreto/d9203.htm,2017
BRA,Brazil,Integrity Code of the Federal Executive Branch,Abuse of authority law,1994,https://www.planalto.gov.br/ccivil_03/decreto/d1171.htm,2021
BRA,Brazil,Abuse of Authority Law,Abuse of authority law,2019,https://www.planalto.gov.br/ccivil_03/_Ato2019-2022/2019/Lei/L13869.htm,2022
BRA,Brazil,Fiscal Responsibility Act,Financial crime law,2000,https://www.planalto.gov.br/ccivil_03/leis/lcp/lcp101.htm,2024
BRA,Brazil,Federal constitution,General Corruption Law,1988,https://www.planalto.gov.br/ccivil_03/constituicao/constituicao.htm,2025
BRA,Brazil,Statute of Federal Public Servants,General Corruption Law,1990,https://www.planalto.gov.br/ccivil_03/leis/l8112cons.htm,2024
BRA,Brazil,Access to Information Act,General Corruption Law,2011,https://www.planalto.gov.br/ccivil_03/_Ato2011-2014/2011/Lei/L12527.htm,2022
BRA,Brazil,Conflict of Interest Act,General Corruption Law,2013,https://www.planalto.gov.br/ccivil_03/_Ato2011-2014/2013/Lei/L12813.htm,2013
BRA,Brazil,Public Procurement and Contracts Law,General Corruption Law,2021,https://www.planalto.gov.br/ccivil_03/_ato2019-2022/2021/Lei/L14133.htm,2025
BRA,Brazil,Penal Code,General Corruption Law,1940,https://www.planalto.gov.br/ccivil_03/decreto-lei/del2848.htm,2023
BRA,Brazil,Money Laundering Law,Money laundering law,1998,https://www.planalto.gov.br/ccivil_03/leis/l9613.htm,2022
BRA,Brazil,Anti-Corruption Act/Clean company Act,Private Sector Law,2013,https://www.planalto.gov.br/ccivil_03/_Ato2011-2014/2013/Lei/L12846.htm,2022
BRA,Brazil,State-Owned Enterprises Governance Law,Private Sector Law,2016,https://www.planalto.gov.br/ccivil_03/_ato2015-2018/2016/Lei/L13303.htm,2016
BRA,Brazil,Whistleblower Protection Law,Whistleblowing law,2018,https://www.planalto.gov.br/ccivil_03/_Ato2015-2018/2018/Lei/L13608.htm,2019
BRA,Brazil,Decree on Protection of Whistleblower Identity,Whistleblowing law,2019,https://www.planalto.gov.br/ccivil_03/_Ato2019-2022/2019/Decreto/D10153.htm,2021
BGR,Bulgaria,Civil Service Law,Abuse of authority law,1999,https://lex.bg/laws/ldoc/2134673408,2023
BGR,Bulgaria,Law on Prevention and Establishment of Conflict of Interest,Abuse of authority law,2008,https://lex.bg/laws/ldoc/2135603507,2016
BGR,Bulgaria,Law on Forfeiture of Illegally Acquired Assets,Financial crime law,2018,https://lex.bg/bg/laws/ldoc/2137180227,2025
BGR,Bulgaria,Criminal Code ,General Corruption Law,1968,https://lex.bg/laws/ldoc/1589654529,2025
BGR,Bulgaria,Law on Measures Against Money Laundering,Money laundering law,2018,https://lex.bg/bg/laws/ldoc/2137182924,2025
BGR,Bulgaria,Political Parties Act,Political financing law,2005,https://lex.bg/laws/ldoc/2135501352,2024
BGR,Bulgaria,Public Procurement Act,Public financial management law,2016,https://lex.bg/laws/ldoc/2136735703,2025
BGR,Bulgaria,Act on the Financial Management and Control in the Public Sector,Public financial management law,2006,https://lex.bg/laws/ldoc/2135517848,2019
BGR,Bulgaria,Act on the Public Finances,Public financial management law,2013,https://www.minfin.bg/upload/35747/ZAKON_za_publicnite_finansi-2017-1.pdf,2017
BGR,Bulgaria,National Audit Office Act,General Corruption Law,2015,https://lex.bg/laws/ldoc/2135219205,
BGR,Bulgaria,Access to Public Information Act,General Corruption Law,2000,https://lex.bg/laws/ldoc/2134929408,2023
BGR,Bulgaria,Law on the Internal Audit of the Public Sector,General Corruption Law,2006,https://lex.bg/laws/ldoc/2135519287,2024
BGR,Bulgaria,Law on Administrative Offenses and Penalties,General Corruption Law,1999,https://lex.bg/laws/ldoc/2126821377,2025
BGR,Bulgaria,Code of Conduct for Public Officials ,General Corruption Law,2004,https://lex.bg/laws/ldoc/2135486505,
BGR,Bulgaria,Law on the protection of persons filing reports or publicly disclosing information about violations,Whistleblowing law,2023,https://lex.bg/bg/mobile/ldoc/2137231156,
BGR,Bulgaria,the Act on Combating Corruption and for the Confiscation of Illegally Acquired Assets (Corruption and Confiscation Act),Financial crime law,2018,,
CAN,Canada,Conflict of Interest Act,Abuse of authority law,2006,"https://laws-lois.justice.gc.ca/eng/acts/c-36.65/fulltext.html#:~:text=4%20For%20the%20purposes%20of,further%20another%20person's%20private%20interests.",
CAN,Canada,Corruption of Foreign Public Officials Act (CFPOA),Bribery law,1998,https://laws-lois.justice.gc.ca/eng/acts/c-45.2/page-1.html,
CAN,Canada,Criminal Code ,General Corruption Law,1985,https://laws-lois.justice.gc.ca/eng/acts/c-46/,
CAN,Canada,Proceeds of Crime (Money Laundering) and Terrorist Financing Act,Money laundering law,2000,https://laws-lois.justice.gc.ca/eng/acts/p-24.501/fulltext.html,
CAN,Canada,Canada Election Act,Political financing law,2000,https://laws-lois.justice.gc.ca/eng/acts/e-2.01/page-1.html,
CAN,Canada,Mutual Assistance in Legal Matters Act,Public financial management law,1985,https://laws-lois.justice.gc.ca/eng/acts/M-13.6/,
CAN,Canada,The Extradition Act,Public financial management law,1999,https://laws.justice.gc.ca/eng/acts/E-23.01/,
CAN,Canada,Freezing Assets of Corrupt Foreign Officials Act,Public financial management law,2011,https://laws-lois.justice.gc.ca/eng/acts/F-31.6/page-1.html,
CAN,Canada,"Justice for Victims of Corrupt Foreign Officials Act (Sergei Magnitsky Law)",Public financial management law,2017,https://laws.justice.gc.ca/eng/acts/j-2.3/page-1.html,
CAN,Canada,The Witness Protection Program Act ,General Corruption Law,1996,https://laws-lois.justice.gc.ca/eng/acts/w-11.2/FullText.html,
CAN,Canada,Lobbying Act,General Corruption Law,1985,https://laws.justice.gc.ca/eng/acts/l-12.4/page-1.html,
CAN,Canada,Extractive Sector Transparency Measures Act,General Corruption Law,2014,https://laws-lois.justice.gc.ca/eng/acts/e-22.7/page-1.html,
CAN,Canada,Federal Accountability Act (FAA),General Corruption Law,2006,https://laws-lois.justice.gc.ca/eng/acts/f-5.5/,
CAN,Canada,Access to Information Act,General Corruption Law,1985,https://laws-lois.justice.gc.ca/eng/acts/a-1/page-1.html,
CAN,Canada,Public Servants Disclosure Protection Act ,Whistleblowing law,2005,https://laws-lois.justice.gc.ca/eng/acts/p-31.9/page-1.html,
CHL,Chile,"Law No. 18,575 Organic Constitutional Law of Bases of State Administration",Abuse of authority law,1986,https://www.bcn.cl/leychile/navegar?idNorma=29967,
CHL,Chile,Law No. 18834 Approves Administrative Statute,Abuse of authority law,1989,https://www.bcn.cl/leychile/navegar?idNorma=30210,
CHL,Chile,Law No. 20730 Regulates Lobbying and Actions Representing Private Interests Before Authorities and Officials ,Abuse of authority law,2014,https://www.bcn.cl/leychile/navegar?idNorma=1060115,
CHL,Chile,Law No. 20.393 Criminal Liability of Legal Persons for Crimes Indicated (Corporate Liability Law),Bribery law,2009,https://www.bcn.cl/leychile/navegar?idNorma=1008668,
CHL,Chile,Law No. 21595 Economic Crimes Law,General Corruption Law,2023,https://www.bcn.cl/leychile/navegar?idNorma=1195119,
CHL,Chile,"Law no. 19913 Law creates the financial analysis unit and modifies various provisions regarding money laundering and money breakers",General Corruption Law ,2003,https://www.bcn.cl/leychile/navegar?idNorma=219119,
CHL,Chile,"Law No. 21121 Amends the Penal Code and Other Legal Rules fort the Prevention, Detection and Prosecution of Corruption ",General Corruption Law,2018,https://www.bcn.cl/leychile/navegar?idNorma=1125600,
CHL,Chile,Penal Code,General Corruption Law,1874,https://www.bcn.cl/leychile/navegar?idNorma=1984&idParte=0&idVersion=&_gl=1*1xro3cz*_ga*MTk2MTYxMzEwOC4xNzU5NzUzMDA3*_ga_QLTSW3NZ4C*czE3NTk5MTA4OTIkbzUkZzEkdDE3NTk5MTEwMTckajQ0JGwwJGgw,
CHL,Chile,"Law No. 19,884 on transparency, limits and control of electoral financing",Political financing law,2003,https://www.bcn.cl/leychile/navegar?idNorma=213283,
CHL,Chile,Law No. 20169 Regulates Unfair Competition,Private Sector Law,2007,https://www.bcn.cl/leychile/navegar?idNorma=258377,
CHL,Chile,Law No. 18045 Securities Market Law ,Private Sector Law,1981,https://www.bcn.cl/leychile/navegar?idNorma=29472,
CHL,Chile,"Law 19886 Law of bases on administrative contracts for supply and provision of services",Public financial management law,2003,https://www.bcn.cl/leychile/navegar?idNorma=213004,
CHL,Chile,Law No. 20285 On Access to Public Information,General Corruption Law,2008,https://www.bcn.cl/leychile/navegar?idNorma=276363,
CHL,Chile,Law No. 20880 on Integrity in Public Service and Prevention of Conflicts of Interest,General Corruption Law,2015,https://www.bcn.cl/leychile/navegar?idNorma=1086062,
CHL,Chile,"Law NO. 20,900 For the Strengthening and Transparency of Democracy",General Corruption Law,2016,https://www.bcn.cl/leychile/navegar?idNorma=1089342,
CHL,Chile,Law No. 21592 Establishes a Statute in Favor of the Complainant,Whistleblowing law,2023,https://www.bcn.cl/leychile/navegar?idNorma=1195215,
CHN,China,Supervision Law,Abuse of authority law,2018,https://www.chinalawtranslate.com/en/supervision-law-of-the-prc-2018/,2024
CHN,China,Civil Servant Law,Abuse of authority law,2005,https://www.lawinfochina.com/display.aspx?lib=law&id=4123,2018
CHN,China,Beneficial Owner Information ,Beneficial ownership,2024,http://www.pbc.gov.cn/en/3688253/3689009/4180845/5372350/index.html,2024
CHN,China,Audit Law,Financial crime law,1994,https://english.www.gov.cn/services/doingbusiness/202102/24/content_WS6035f053c6d0719374af97af.html,2021
CHN,China,Criminal Law,General Corruption Law,1979,http://www.npc.gov.cn/zgrdw/englishnpc/Law/2007-12/13/content_1384075.htm,2020
CHN,China,Anti-monopoly law,General Corruption Law,2007,https://english.www.gov.cn/archive/laws_regulations/2014/08/23/content_281474982987358.htm,2014
CHN,China,Anti-Money Laundering Law,Money laundering law,2006,http://camlmac.pbc.gov.cn/fxqzhongxin/3558093/3558111/3561752/index.html,2025
CHN,China,Unfair Competition Law ,Private Sector Law,1993,https://english.cnipa.gov.cn/transfer/lawpolicy/relatedawsregulations/915597.htm,2025
COL,Colombia,Law by which it is sought to guarantee compliance with the principles of transparency and publicity through the publication of asset and income statements and the registration of conflicts of interest ,Abuse of authority law,2019,https://www.funcionpublica.gov.co/eva/gestornormativo/norma.php?i=104572,
COL,Colombia,Law by means of which the financial information and analysis unit is created,General Corruption Law ,1999,https://www.funcionpublica.gov.co/eva/gestornormativo/norma.php?i=6288,
COL,Colombia,Criminal Code,General Corruption Law,2000,https://colombia.justia.com/nacionales/codigos/ley-599-de-2000/gdoc/,
COL,Colombia,Code of Criminal Procedure,General Corruption Law,2004,https://www.funcionpublica.gov.co/eva/gestornormativo/norma.php?i=14787,
COL,Colombia,Law on Ethical Rules for Public Administration and Provisions for Eradicating Corruption,General Corruption Law,1995,https://www.funcionpublica.gov.co/eva/gestornormativo/norma.php?i=321,
COL,Colombia,"Law On Establishing Rules for Strengthening the Mechanisms for Preventing, Detecting and Punishing for Corruption Offences and Enhancing Control over Public Administration ",General Corruption Law,2011,https://www.funcionpublica.gov.co/eva/gestornormativo/norma.php?i=43292,
COL,Colombia,Law On the Liability of Legal Persons for Transnational Corruption and Other Anti-Corruption Provisions,General Corruption Law,2016,https://www.funcionpublica.gov.co/eva/gestornormativo/norma.php?i=67542,
COL,Colombia,"Law On Regulating the Penalties against Persons Condemned for Corruption, Crimes against Public Administration and Unilateral Administrative Assignment of Contract Due to Acts of Corruption, and Other Provisions",General Corruption Law,2019,https://www.funcionpublica.gov.co/eva/gestornormativo/norma.php?i=104573,
COL,Colombia,Decree on Public Sector Administration,General Corruption Law,2015,https://www.funcionpublica.gov.co/eva/gestornormativo/norma.php?i=62866,
COL,Colombia,"Law Whereby regulations are issued for the prevention, detection, investigation and punishment of the financing of terrorism and other provisions",Money laundering law,2006,https://www.funcionpublica.gov.co/eva/gestornormativo/norma.php?i=22647,
COL,Colombia,"Law by means of which instruments are adopted to prevent, control and punish smuggling, money laundering and tax evasion",Money laundering law,2015,https://www.funcionpublica.gov.co/eva/gestornormativo/norma.php?i=65338,
COL,Colombia,"Law whereby the basic statute of political parties and movements is enacted, rules are established regarding their financing and that of electoral campaigns, and other provisions are enacted",Political financing law,1994,https://www.funcionpublica.gov.co/eva/gestornormativo/norma.php?i=4814,
COL,Colombia,Law whereby rules are established on the liability of legal entities for acts of transnational corruption and other provisions are enacted regarding the fight against corruption,Private Sector Law,2016,https://www.funcionpublica.gov.co/eva/gestornormativo/norma.php?i=67542,
COL,Colombia,Law on General Statute of Public Contracting Administration ,Public financial management law,1993,https://www.funcionpublica.gov.co/eva/gestornormativo/norma.php?i=304,
COL,Colombia,Law on Transparency andthe Right of Access to National Public Information ,General Corruption Law,2014,https://www.funcionpublica.gov.co/eva/gestornormativo/norma.php?i=56882,
COL,Colombia,Law On Ensuring Transparency via Publication of Income and Assets Disclosure Statements of Officials and Registration of Conflicts of Interest,General Corruption Law,2019,https://www.funcionpublica.gov.co/eva/gestornormativo/norma.php?i=104572,
HRV,Croatia,Law on preventing conflict of interest ,Abuse of authority law,2021,https://narodne-novine.nn.hr/clanci/sluzbeni/2024_03_36_572.html,2024
HRV,Croatia,"Law on financing of political activities, election, campaigns and referendums ",Abuse of authority law,2019,https://narodne-novine.nn.hr/clanci/sluzbeni/2019_10_98_1925.html,2019
HRV,Croatia,Law on the procedure for confiscation of property benefits obtained by criminal offenses,Financial crime law,2010,https://narodne-novine.nn.hr/clanci/sluzbeni/2010_12_145_3668.html,2010
HRV,Croatia,The  Law on the Office for Combating Corruption and Organized Crime,General Corruption Law,2009,https://narodne-novine.nn.hr/clanci/sluzbeni/2013_12_148_3147.html,2013
HRV,Croatia,Criminal Code,General Corruption Law,2011,https://narodne-novine.nn.hr/clanci/sluzbeni/2018_12_118_2355.html,2018
HRV,Croatia,Criminal Procedure code,General Corruption Law,2011,https://narodne-novine.nn.hr/clanci/sluzbeni/2011_10_121_2386.html,2011
HRV,Croatia,Law on internal control in the public sector,General Corruption Law,2015,https://narodne-novine.nn.hr/clanci/sluzbeni/full/2019_10_102_2049.html,2019
HRV,Croatia,Law on the state attorneys office ,General Corruption Law,2009,https://narodne-novine.nn.hr/clanci/sluzbeni/2013_06_72_1438.html,2013
HRV,Croatia,Anti-Money Laundering and Terrorism Financing Law,Money laundering law,2017,https://narodne-novine.nn.hr/clanci/sluzbeni/2022_12_151_2335.html,2022
HRV,Croatia,Public Procurement Law,Public financial management law,2016,https://narodne-novine.nn.hr/clanci/sluzbeni/2022_10_114_1740.html,2022
HRV,Croatia,Law on the State Commission for control of public procurement procedures ,Public financial management law,2003,https://narodne-novine.nn.hr/clanci/sluzbeni/2003_07_117_1638.html,2021
HRV,Croatia,The Law on Access to Information,General Corruption Law,2013,https://narodne-novine.nn.hr/clanci/sluzbeni/2022_06_69_1025.html,2022
HRV,Croatia,Whistleblowing protection act,Whistleblowing law,2019,https://narodne-novine.nn.hr/clanci/sluzbeni/2022_04_46_572.html,2022
CYP,Cyprus,Law on Declaration and Control of Property of Certain Publicly Exposed Persons and Certain Officials,Abuse of authority law,2004,https://www.cylaw.org/nomoi/indexes/2004_1_50.html,
CYP,Cyprus,Unfair Acquisition of Property Benefits by Public Officials and Servants Law,Beneficial ownership,2004,https://cylaw.org/nomoi/enop/non-ind/2004_1_51/full.html,2008
CYP,Cyprus,The establishment and Operation of the Independent Authority Against Corruption Law,General Corruption Law,2022,https://www.olc.gov.cy/olc/olc.nsf/543FDFBE4D9C2743C2258957003C9BAD/$file/L.19-I-2022.pdf,
CYP,Cyprus,the Law on the Prevention of Corruption,General Corruption Law,2012,https://www.cylaw.org/nomoi/enop/non-ind/2012_1_175/full.html,
CYP,Cyprus,the Criminal Procedure Code,General Corruption Law,1972,https://www.cylaw.org/nomoi/enop/non-ind/0_155/full.html,2023
CYP,Cyprus,the Constitution,General Corruption Law,1960,https://www.law.gov.cy/law/law.nsf/constitution-en/constitution-en?OpenDocument,
CYP,Cyprus,the Criminal Code,General Corruption Law,1962,https://www.cylaw.org/nomoi/enop/non-ind/0_154/full.html,2025
CYP,Cyprus,Prevention and Suppression of Money-Laundering and Terrorist Financing Law,Money laundering law,2007,https://www.mof.gov.cy/mof/iccs.nsf/A0507D7DB0117E20C2258717002EE982/$file/AML-English-Consolidated-up-to-81(I)-2019_unofficial_translation_1-03-2020.pdf,2021
CYP,Cyprus,Political Parties Law,Political financing law,2012,https://www.cylaw.org/nomoi/enop/non-ind/2012_1_175/full.html,2025
CYP,Cyprus,Companies Law,Private Sector Law,1968,https://www.cylaw.org/nomoi/enop/non-ind/0_113/index.html,2025
CYP,Cyprus,The Regulation of Public Procurement Procedures and Related Matters Law,Public financial management law,2016,https://www.cylaw.org/nomoi/indexes/2016_1_73.html,
CYP,Cyprus,Law on Accounting and the Financial Management and Control of the Republic,Public financial management law,2014,https://www.cylaw.org/nomoi/indexes/2014_1_38.html,
CYP,Cyprus,the Public Service Law,General Corruption Law,1990,https://www.cylaw.org/nomoi/enop/non-ind/1990_1_1/full.html,2024
CYP,Cyprus,Law on the Evaluation of Candidates for Appointment in the Public Service,General Corruption Law,1998,https://www.cylaw.org/nomoi/indexes/1998_1_6.html,2024
CYP,Cyprus,The Protection of Persons Reporting Violations of Union and National Law Law ,Whistleblowing law,2022,https://www.cylaw.org/nomoi/indexes/2022_1_6.html,
CZE,Czech Republic,Civil Service Act,Abuse of authority law,2014,https://www.zakonyprolidi.cz/translation/cs/2014-234?langid=1033,2015
CZE,Czech Republic,Criminal Procedure Code,Abuse of authority law,1961,https://www.zakonyprolidi.cz/translation/cs/1961-141?langid=1033,2025
CZE,Czech Republic,Financial Control in Public Administration,Abuse of authority law,2001,https://www.zakonyprolidi.cz/cs/2001-320,
CZE,Czech Republic,Supreme Audit Office Act,Abuse of authority law,1993,https://www.zakonyprolidi.cz/cs/1993-166,
CZE,Czech Republic,Prosecution Service Act,Abuse of authority law,1993,https://www.zakonyprolidi.cz/cs/1993-283,
CZE,Czech Republic,Register of Beneficial Owners Act,Beneficial ownership,2021,https://www.zakonyprolidi.cz/cs/2021-37,
CZE,Czech Republic,Corporate Criminal Liability Act,Financial crime law,2011,https://www.zakonyprolidi.cz/cs/2011-418,
CZE,Czech Republic,Budgetary Rules (State Level),Financial crime law,2000,https://www.zakonyprolidi.cz/cs/2000-218,
CZE,Czech Republic,Budgetary Rules of Territorial Budgets (Local Level),Financial crime law,2000,https://www.zakonyprolidi.cz/cs/2000-250,
CZE,Czech Republic,Act on Conflict of Interest,General Corruption Law,2006,https://www.zakonyprolidi.cz/cs/2006-159,
CZE,Czech Republic,Criminal Code,General Corruption Law,2009,https://www.zakonyprolidi.cz/translation/cs/2009-40?langid=1033,2025
CZE,Czech Republic,Anti-money laundering act,Money laundering law,2008,https://www.zakonyprolidi.cz/cs/2008-253,
CZE,Czech Republic,Act on Public Procurement,Public financial management law,2016,https://www.zakonyprolidi.cz/translation/cs/2016-134?langid=1033,2016
CZE,Czech Republic,International Judicial Cooperation in Criminal Matters,Public financial management law,2013,https://www.zakonyprolidi.cz/cs/2013-104,2014
CZE,Czech Republic,Free Acccess to Information act,General Corruption Law,1999,https://www.zakonyprolidi.cz/translation/cs/1999-106?langid=1033,
CZE,Czech Republic,Act on Political Parties and Political Movements,General Corruption Law,1991,https://www.zakonyprolidi.cz/cs/1991-424,
CZE,Czech Republic,Register of Contracts Act,General Corruption Law,2015,https://www.zakonyprolidi.cz/cs/2015-340,
CZE,Czech Republic,Political Parties Oversight Amendment,General Corruption Law,2016,https://www.zakonyprolidi.cz/cs/2016-302,
CZE,Czech Republic,Whistleblowing protection act,Whistleblowing law,2023,https://www.zakonyprolidi.cz/translation/cs/2023-171?langid=1033,
DNK,Denmark,Administration of Justice Act,Abuse of authority law,1986,https://www.retsinformation.dk/eli/lta/2021/1835,2024
DNK,Denmark,Public Administration Act,Abuse of authority law,1985,https://www.retsinformation.dk/eli/lta/2014/433,2025
DNK,Denmark,Access to Public Administration Files Act,Abuse of authority law,2013,https://www.retsinformation.dk/eli/lta/2020/145,2024
DNK,Denmark,Constitutional Act,General Corruption Law,1953,https://www.retsinformation.dk/eli/lta/1953/169?,1953
DNK,Denmark,Danish Criminal Code,General Corruption Law,1986,https://www.retsinformation.dk/eli/lta/2024/1145,2024
DNK,Denmark,Anti-Money Laundering Act,Money laundering law,2017,https://www.retsinformation.dk/eli/lta/2024/807,2025
DNK,Denmark,Public Procurement Act,Private Sector Law,2015,https://www.retsinformation.dk/eli/lta/2025/116,2024
DNK,Denmark,Act on Private Contributions to Political Parties and Publication of Parties,Private Sector Law,1990,https://www.retsinformation.dk/eli/lta/2025/1107,2025
DNK,Denmark,Whistleblower Protection Act,Whistleblowing law,2021,https://www.retsinformation.dk/eli/lta/2021/1436,2025
DOM,Dominican Republic,Law No. 448-06 Bribery in Trade and Investment ,Bribery law,2006,https://republica-dominicana.justia.com/nacionales/leyes/ley-448-06/gdoc/,
DOM,Dominican Republic,Law No. 10-07 National System of Internal Control and Comptroller's Office,General Corruption Law,2007,https://republica-dominicana.justia.com/nacionales/leyes/ley-10-07/gdoc/,
DOM,Dominican Republic,Monetary and Financial Code,Financial crime law,2002,https://republica-dominicana.justia.com/nacionales/codigos/codigo-monetario-y-financiero/gdoc/,
DOM,Dominican Republic,Criminal Code ,General Corruption Law,1884,https://republica-dominicana.justia.com/nacionales/codigos/codigo-penal/gdoc/,1999
DOM,Dominican Republic,Law No. 200-4 General Law on Free Access to Public Information,General Corruption Law,2004,https://republica-dominicana.justia.com/nacionales/leyes/ley-200-04/gdoc/,
DOM,Dominican Republic,Law No. 72-02 Act on the Laundering of Assets Obtained from the Illegal Trafficking on Drugs and Controlled Substances and Other Serious Offences,Money laundering law,2002,https://republica-dominicana.justia.com/nacionales/leyes/ley-72-02/gdoc/,
DOM,Dominican Republic,Law No. 155-17 Money Laundering and the Financing of Terrorism,Money laundering law,2017,https://www.sb.gob.do/regulacion/compendio-de-leyes-y-reglamentos/ley-no-155-17-lavado-de-activos-y-el-financiamiento-del-terrorismo/?tab=Reglamentos,
DOM,Dominican Republic,"Law No. 33-18, on Political Parties, Groups and Movements. ",Political financing law,2018,https://www.consultoria.gov.do/Consulta/Home/FileManagement?documentId=3389110&managementType=1,
DOM,Dominican Republic,"Law No. 5-07 Integrated Financial Management System",General Corruption Law,2007,https://republica-dominicana.justia.com/nacionales/leyes/ley-5-07/gdoc/,
DOM,Dominican Republic,"Law No. 340-06 on the Procurement and Contracting of Goods, Services, Works and Concessions",Public financial management law,2006,https://republica-dominicana.justia.com/nacionales/leyes/ley-340-06/gdoc/,
DOM,Dominican Republic,Code of Criminal Procedure ,Public financial management law,2002,https://republica-dominicana.justia.com/nacionales/codigos/codigo-procesal-penal/gdoc/,2007
DOM,Dominican Republic,Law No. 498-06 on Planning and Public Investment,Public financial management law,2006,https://republica-dominicana.justia.com/nacionales/leyes/ley-498-06/gdoc/,
DOM,Dominican Republic,"Law No. 41-08 of Public Service and creates the State Secretariat of Public Administration",General Corruption Law,2008,https://www.mopc.gob.do/media/21770/ley_no_41-08_de_funci_n_p_blica_y_crea_la_secretar_a_de_estado_de_administraci_n_p_blica.pdf,
ECU,Ecuador,Comprehensive Organic Criminal Code,General Corruption Law,2014,https://www.asambleanacional.gob.ec/es/leyes-aprobadas?leyes-aprobadas=All&title=C%C3%B3digo+Org%C3%A1nico+Integral+Penal&fecha=,2021
ECU,Ecuador,"Organic Law for the Savings and Monetization of Economic Resources for Financing the Fight against Corruption",General Corruption Law,2024,https://www.asambleanacional.gob.ec/es/leyes-aprobadas?leyes-aprobadas=All&title=corrupci%C3%B3n&fecha=,
ECU,Ecuador,"Organic Law Reforming the Comprehensive Organic Criminal Code on Anti-Corruption Matters",General Corruption Law,2021,https://www.asambleanacional.gob.ec/es/leyes-aprobadas?leyes-aprobadas=All&title=corrupci%C3%B3n&fecha=,
ECU,Ecuador,"Organic Law on Prevention, Detection and Eradication of Money Laundering",Money laundering law,2016,https://www.asambleanacional.gob.ec/es/leyes-aprobadas?leyes-aprobadas=All&title=Ley+Org%C3%A1nica+de+Prevenci%C3%B3n%2C+Detecci%C3%B3n+y+Erradicaci%C3%B3n+del+Delito+de+Lavado+de+Activos+y+del+Financiamiento+de+Delitos&fecha=,
ECU,Ecuador,Organic Law on Elections and Political Organizations,Political financing law,2009,https://www.asambleanacional.gob.ec/es/leyes-aprobadas?leyes-aprobadas=All&title=Ley+Org%C3%A1nica+Electoral+y+de+Organizaciones+Pol%C3%ADticas&fecha=,
ECU,Ecuador,Organic Law of the National Public Procurement System (LOSNCP),Public financial management law,2008,https://www.asambleanacional.gob.ec/es/leyes-aprobadas?leyes-aprobadas=All&title=Ley+Org%C3%A1nica+del+Sistema+Nacional+de+Contrataci%C3%B3n+P%C3%BAblica&fecha=,2024
ECU,Ecuador,Organic Code of Planning and Public Finance,Public financial management law,2010,https://www.asambleanacional.gob.ec/es/leyes-aprobadas?leyes-aprobadas=All&title=C%C3%B3digo+Org%C3%A1nico+de+Planificaci%C3%B3n+y+Finanzas+P%C3%BAblicas&fecha=,
ECU,Ecuador,Public Integrity Law ,General Corruption Law,2025,https://www.asambleanacional.gob.ec/es/leyes-aprobadas?leyes-aprobadas=All&title=integridad&fecha=,
ECU,Ecuador,Organic Law of Public Service (LOSEP),General Corruption Law,2010,https://www.asambleanacional.gob.ec/es/leyes-aprobadas?leyes-aprobadas=All&title=Ley+Org%C3%A1nica+del+Servicio+P%C3%BAblico&fecha=,
ECU,Ecuador,Organic Law on Transparency and Access to Public Information (LOTAIP),General Corruption Law,2004,https://www.asambleanacional.gob.ec/es/leyes-aprobadas?leyes-aprobadas=All&title=transparencia&fecha=,2023
EST,Estonia,Administrative Procedure Act,Abuse of authority law,2001,https://www.riigiteataja.ee/en/eli/527032019002/consolide,
EST,Estonia,National Audit Office Act,General Corruption Law ,2002,https://www.riigiteataja.ee/en/eli/507012016002/consolide,
EST,Estonia,Security Authorities Act,General Corruption Law ,2000,https://www.riigiteataja.ee/en/eli/522032019003/consolide,
EST,Estonia,Anti-Corruption Act,General Corruption Law,2012,https://www.riigiteataja.ee/en/eli/530032016001/consolide,
EST,Estonia,Code of Criminal Procedure,General Corruption Law,2003,https://www.riigiteataja.ee/en/eli/ee/Riigikogu/act/520102025001/consolide,
EST,Estonia,Penal Code,General Corruption Law,2001,https://www.riigiteataja.ee/en/eli/ee/Riigikogu/act/528072025005/consolide,
EST,Estonia,Money Laundering and Terrorist Financing Prevention Act,Money laundering law,2017,https://www.riigiteataja.ee/en/eli/517112017003/consolide,
EST,Estonia,Political Parties Act,Political financing law,1994,https://www.riigiteataja.ee/en/eli/513042015011/consolide,
EST,Estonia,Public Procurement Act,Public financial management law,2017,https://www.riigiteataja.ee/en/eli/ee/Riigikogu/act/503102025001/consolide,
EST,Estonia,Public Information Act,General Corruption Law,2000,https://www.riigiteataja.ee/en/eli/ee/Riigikogu/act/511092025008/consolide,
EST,Estonia,Civil Service Act,General Corruption Law,2012,https://www.riigiteataja.ee/en/eli/515122016001/consolide,
EST,Estonia,Act on Protection of Persons who Report Work-Related Breaches of European Union Law,Whistleblowing law,2023,https://www.riigiteataja.ee/en/eli/520092024001/consolide,
FIN,Finland,Act on Public Officials in Central Government,Abuse of authority law,2022,https://www.finlex.fi/fi/lainsaadanto/1994/750,
FIN,Finland,Criminal Code,General Corruption Law,1889,https://www.finlex.fi/api/media/statute-foreign-language-translation/689270/mainPdf/main.pdf?timestamp=1889-12-18T22%3A20%3A11.000Z,
FIN,Finland,Act on Preventing Money Laundering and Terrorist Financing,Money laundering law,1998,https://www.finlex.fi/fi/lainsaadanto/2017/444?language=fin#chp_1,2023
FIN,Finland,Act on a Candidates Election Funding,Political financing law,2009,https://www.finlex.fi/api/media/statute-foreign-language-translation/688188/mainPdf/main.pdf?timestamp=2009-04-23T21%3A00%3A00.000Z,
FIN,Finland,Competition Act ,Private Sector Law,2011,https://www.finlex.fi/en/legislation/translations/2011/eng/948,
FIN,Finland,Public Procurement Act,Public financial management law,1992,https://www.finlex.fi/fi/lainsaadanto/2016/1397?language=fin&highlightId=763014&highlightParams=%7B%22type%22%3A%22BASIC%22%2C%22search%22%3A%22laki+julkisista+hankinnoista%22%7D,
FIN,Finland,Act on Public Procurement and Concession Contracts,Public financial management law,2016,https://www.finlex.fi/api/media/statute-foreign-language-translation/687808/mainPdf/main.pdf?timestamp=2016-12-28T22%3A00%3A00.000Z,
FIN,Finland,Act on Public Contracts,Public financial management law,2007,https://www.finlex.fi/api/media/statute-foreign-language-translation/688276/mainPdf/main.pdf?timestamp=2007-03-29T21%3A00%3A00.000Z,
FIN,Finland,Public Access to Documents Act (Act on the Openness of Government Activities),General Corruption Law,1999,https://www.finlex.fi/api/media/statute-foreign-language-translation/688690/mainPdf/main.pdf?timestamp=1999-05-20T21%3A00%3A00.000Z,
FIN,Finland,Act on the Protection of Persons Reporting Violations of European Union and National Law,Whistleblowing law,2022,https://www.finlex.fi/fi/lainsaadanto/saadoskokoelma/2022/1171,
FRA,France,Political Trust,Abuse of authority law,2017,https://www.senat.fr/dossier-legislatif/pjl16-580.html,2017
FRA,France,Penal Code,General Corruption Law,1994,https://www.legifrance.gouv.fr/codes/texte_lc/LEGITEXT000006070719/,2025
FRA,France,Sapin I ,General Corruption Law,1993,https://www.legifrance.gouv.fr/loda/id/JORFTEXT000000711604,2016
FRA,France,Sapin II,General Corruption Law,2016,https://www.legifrance.gouv.fr/loda/id/JORFTEXT000033558528,2021
FRA,France,Law on Transparency in Public Life,General Corruption Law,2013,https://www.legifrance.gouv.fr/loda/id/JORFTEXT000028056315,2020
FRA,France,Law on the Fight Against Tax Fraud and Serious Economic and Financial Crime,General Corruption Law,2013,https://www.legifrance.gouv.fr/jorf/article_jo/JORFARTI000028279005,2013
FRA,France,Anti-Fraud Law,General Corruption Law,2018,https://www.legifrance.gouv.fr/loda/id/JORFTEXT000037518803,2018
FRA,France,Waserman Law (2022),Whistleblowing law,2022,https://www.legifrance.gouv.fr/jorf/id/JORFTEXT000045388745,2022
GEO,Georgia,Criminal Procedure Code,Abuse of authority law,2009,https://matsne.gov.ge/en/document/view/90034?publication=166,2025
GEO,Georgia,Public Service,Abuse of authority law,2015,https://matsne.gov.ge/en/document/view/3031098?publication=58,2025
GEO,Georgia,Organic Law of Georgia on Political Associations of Citizens,Beneficial ownership,1997,https://matsne.gov.ge/en/document/view/28324?publication=44,2024
GEO,Georgia,Law of Georgia on the State Audit Office,Financial crime law,2008,https://matsne.gov.ge/en/document/view/17506?publication=11,2015
GEO,Georgia,Criminal Code,General Corruption Law,1999,https://matsne.gov.ge/en/document/view/16426?publication=275,2025
GEO,Georgia,Public Procurement,General Corruption Law,2023,https://matsne.gov.ge/en/document/view/5714621?publication=7,2023
GEO,Georgia,Law of Georgia on Transparency of Foreign Influence,General Corruption Law,2024,https://matsne.gov.ge/en/document/view/6171895?publication=0,2024
GEO,Georgia,Law on Lobbying Activities,General Corruption Law,1998,https://matsne.gov.ge/en/document/view/13552?publication=7,2020
GEO,Georgia,Law of Georgia on Facilitating the Prevention of Money Laundering and the Financing of Terrorism,Money laundering law,2019,https://matsne.gov.ge/en/document/view/4690334?publication=7,2023
GEO,Georgia,Civil Procedure Code,Private Sector Law,1997,https://matsne.gov.ge/en/document/view/29962?publication=171,2025
GEO,Georgia,Civil Code,Private Sector Law,1997,https://matsne.gov.ge/en/document/view/31702?publication=133,2024
GEO,Georgia,Law on Conflicts of Interest and Corruption in Public Service,Whistleblowing law,1997,https://matsne.gov.ge/en/document/view/33550?publication=95,2025
DEU,Germany,Civil Servant Legal Status Act (BeamtStG),Abuse of authority law,2006,https://www.gesetze-im-internet.de/beamtstg/,2023
DEU,Germany,Federal Civil Service Act (BBG),Abuse of authority law,1953,https://www.gesetze-im-internet.de/bbg_2009/,2009
DEU,Germany,The Fiscal Code of Germany,Financial crime law,1976,https://www.gesetze-im-internet.de/englisch_ao/index.html,2025
DEU,Germany,Criminal Code (StGB) ,General Corruption Law,1871,https://www.gesetze-im-internet.de/englisch_stgb/index.html,2024
DEU,Germany,Money-Laundering Act (GwG),Money laundering law,2017,https://www.gesetze-im-internet.de/gwg_2017/,
DEU,Germany,Act on Tracing of Proceeds from Serious Crime ,Money laundering law,2017,https://www.gesetze-im-internet.de/gwg_2017/,
DEU,Germany,Law on Political Parties (PartG),Political financing law,1967,https://www.gesetze-im-internet.de/partg/,2024
DEU,Germany,Act Against Unfair Competition (UWG),Private Sector Law,2004,https://www.gesetze-im-internet.de/uwg_2004/BJNR141400004.html,
DEU,Germany,Competition Act,Private Sector Law,2013,https://www.gesetze-im-internet.de/englisch_gwb/index.html,2023
DEU,Germany,Code of Criminal Procedure (StPO),Public financial management law,1950,https://www.gesetze-im-internet.de/englisch_stpo/index.html,2025
DEU,Germany,Act on International Mutual Assistance in Criminal Matters (IRG),Public financial management law,1982,https://www.gesetze-im-internet.de/englisch_irg/index.html,2024
DEU,Germany,Regulation on the Award of Public Contracts (VgV),Public financial management law,2016,https://www.gesetze-im-internet.de/vgv_2016/,
DEU,Germany,Act for the Better Protection of Whistleblowers (HinSchG),Whistleblowing law,2023,https://www.gesetze-im-internet.de/englisch_hinschg/englisch_hinschg.html,2024
GRC,Greece,Code of Status of Public Civil Administrative Servants and Employees of Public Legal Entities.,Abuse of authority law,2007,http://elib.aade.gr/elib/view?d=/gr/act/2007/3528/,
GRC,Greece,Code of Status of Municipal and Community Employees.,Abuse of authority law,2007,http://elib.aade.gr/elib/view?d=/gr/act/2007/3584/,
GRC,Greece,Executive State,General Corruption Law,2019,http://elib.aade.gr/elib/view?d=/gr/act/2019/4622/,2019
GRC,Greece,Funding of Political Parties,General Corruption Law,2002,http://elib.aade.gr/elib/view?d=/gr/act/2002/3023/,
GRC,Greece,Public Procurement,General Corruption Law,2016,http://elib.aade.gr/elib/view?d=/gr/act/2016/4412/,2020
GRC,Greece,Ratification of the Criminal Procedure,General Corruption Law,2019,http://elib.aade.gr/elib/view?d=/gr/act/2019/4620/,
GRC,Greece,Ratification of the Penal Code,General Corruption Law,2019,http://elib.aade.gr/elib/view?d=/gr/act/2019/4619/,2024
GRC,Greece,Political finance oversight,General Corruption Law,2014,http://elib.aade.gr/elib/view?d=/gr/act/2014/4304/,2002
GRC,Greece,Control of economic and political parties and elected representatives of Parliament and the European Parliament and other provisions.,General Corruption Law,2014,http://elib.aade.gr/elib/view?d=/gr/act/2014/4304/,
GRC,Greece,Prevention and suppression of money laundering and terrorist financing ,Money laundering law,2018,http://elib.aade.gr/elib/view?d=/gr/act/2018/4557/,
GRC,Greece,Executive State (establishes the National Transparency Authority),Public financial management law,2019,http://elib.aade.gr/elib/view?d=/gr/act/2019/4622/,
GRC,Greece,Asset Declarations,General Corruption Law,2003,http://elib.aade.gr/elib/view?d=/gr/act/2003/3213/,
GRC,Greece,Transparency Program,General Corruption Law,2010,http://elib.aade.gr/elib/view?d=/gr/act/2010/3861/,2010
GRC,Greece,Transparency and Open Data,General Corruption Law,2014,http://elib.aade.gr/elib/view?d=/gr/act/2014/4305/,
GRC,Greece,Protection of persons reporting breaches of EU law,Whistleblowing law,2022,https://search.et.gr/en/fek/?fekId=787147,2022
GRC,Greece,Protection of persons reporting breaches of Union law - Transposition of Directive (EU) ,Whistleblowing law,2022,http://elib.aade.gr/elib/view?d=/gr/act/2022/4990/,
HUN,Hungary,Rules of corporate social responsibility,Abuse of authority law,2023,https://njt.hu/jogszabaly/en/2023-108-00-00,2023
HUN,Hungary,Act on the police 1994,Abuse of authority law,1994,https://njt.hu/jogszabaly/1994-34-00-00,2025
HUN,Hungary,The Fundamental Law of Hungary,General Corruption Law,2011,https://njt.hu/jogszabaly/en/2011-4301-02-00,2025
HUN,Hungary,Crininal Code,General Corruption Law,2012,https://njt.hu/jogszabaly/en/2012-100-00-00,2025
HUN,Hungary,Criminal Procedure Code,General Corruption Law,2017,https://njt.hu/jogszabaly/en/2017-90-00-00,2025
HUN,Hungary,Act on International Legal Assistance in Criminal Matters,General Corruption Law,1996,https://njt.hu/jogszabaly/en/1996-38-00-00,2025
HUN,Hungary,Act on Health Care,General Corruption Law,1997,https://njt.hu/jogszabaly/1997-154-00-00,2025
HUN,Hungary,Prevention and Combating Money Laundering and Terrorist Financing,Money laundering law,2017,https://net.jogtar.hu/jogszabaly?docid=a1700053.tv,2017
HUN,Hungary,Act on Private International law Act,Private Sector Law,2017,https://njt.hu/jogszabaly/en/2017-28-00-00,2018
HUN,Hungary,Act on Public Procurement,Public financial management law,2015,https://njt.hu/jogszabaly/en/2015-143-00-00,2017
HUN,Hungary,Act on the control og the use of EU budget funds,Public financial management law,2022,https://njt.hu/jogszabaly/en/2022-27-00-00,2023
HUN,Hungary,Promulgation of the Council of Europe Convention on Laundering,Public financial management law,2008,https://net.jogtar.hu/jogszabaly?docid=a0800063.tv,2008
HUN,Hungary,Act on the transparency of organizations receiving support from abroad,General Corruption Law,2017,https://njt.hu/jogszabaly/en/2017-76-00-00,2017
HUN,Hungary,Whistleblowing Law,Whistleblowing law,2023,https://net.jogtar.hu/jogszabaly?docid=a2300025.tv,2023
ISL,Iceland,Government Employees Act ,Abuse of authority law,1996,https://www.government.is/library/04-Legislation/GEA%20-%20EN%202022%20translation.pdf,2021
ISL,Iceland,Administrative Procedures Act,Abuse of authority law,1993,https://www.government.is/library/01-Ministries/Prime-Ministrers-Office/Act-on-the-Government-Offices-of-Iceland.pdf,2017
ISL,Iceland,Act on the Judiciary ,Abuse of authority law,1998,https://www.government.is/publications/legislation/lex/2018/01/08/Act-on-the-Judiciary-No.-15-1998/,2011
ISL,Iceland,Police Act,Abuse of authority law,1997,https://www.government.is/library/04-Legislation/Police%20Act%20no.%2090-1996.pdf,2025
ISL,Iceland,Information Act ,Abuse of authority law,2012,https://www.government.is/library/04-Legislation/Information%20Act%20No%20140%202012.pdf,2019
ISL,Iceland,Act on the Registration of Beneficial Ownership,Beneficial ownership,2019,https://www.government.is/library/contentfiles/Act%20on%20the%20Registration%20of%20Beneficial%20Ownership.pdf,2019
ISL,Iceland,Public Procurement Act,Financial crime law,2016,https://www.government.is/library/04-Legislation/Act%20on%20Public%20Procurement%202016.pdf,2017
ISL,Iceland,Public Finance Act,Financial crime law,2015,https://www.government.is/library/01-Ministries/Ministry-of-Finance/Public%20finance%20act.pdf,2016
ISL,Iceland,Accounting Act,Financial crime law,1994,https://www.government.is/publications/legislation/lex/2018/02/14/The-Accounting-Act-No.-145-1994/,2011
ISL,Iceland,Act on Annual Accounts,Financial crime law,2006,https://www.government.is/publications/legislation/lex/2022/12/01/Act-on-annual-accounts/,2017
ISL,Iceland,Act on Financial Undertakings ,Financial crime law,2002,https://www.government.is/media/fjarmalaraduneyti-media/media/skjal/Act_No_161_2002_en.pdf,2014
ISL,Iceland,Constitution,General Corruption Law,1944,https://www.government.is/publications/legislation/lex/2018/01/19/Constitution-of-the-Republic-of-Iceland-No.-33-17-June-1944-as-amended-30-May-1984-31-May-1991-28-June-1995-and-24-June-1999/,1994
ISL,Iceland,General Penal Code,General Corruption Law,1940,"https://www.government.is/library/01-Ministries/Ministry-of-Justice/Generlal%20Penal%20Code,%20No.19%201940.pdf",2018
ISL,Iceland,Code of Criminal Procedure,General Corruption Law,2008,"https://www.government.is/library/01-Ministries/Ministry-of-Justice/Code%20of%20Criminal%20Procedure%20No.%2088,%2012%20June%202008.%20-%20Copy%20(1).pdf",2019
ISL,Iceland,Anti Money Laundering and Countering Financing of Terrorism (AML Act),Money laundering law,2018,https://www.government.is/publications/legislation/lex/2025/08/14/Act-on-Measures-against-Money-Laundering-and-Terrorist-Financing-No.-140-2018-/,2018
ISL,Iceland,"New Act on freezing, listing, de-listing and proliferation ",Money laundering law,2019,https://www.government.is/library/contentfiles/Act%20on%20freezing%20listing%20and%20PF.pdf,2018
ISL,Iceland,Act on Auditors and Auditing,Private Sector Law,2019,https://www.government.is/library/04-Legislation/Act%20No%2094-2019%20on%20Auditors%20and%20Auditing%20-%20English%20translation.pdf,2019
ISL,Iceland,The Protection of the Whistleblowers Act,Whistleblowing law,2020,https://www.althingi.is/lagas/nuna/2020040.html,2020
IND,India,The Prohibition of Benami Property Transactions Act ,Beneficial ownership,1988,https://www.indiacode.nic.in/handle/123456789/1840?view_type=search&col=123456789/1362,2016
IND,India,The Lokpal and Lokayuktas Act,General Corruption Law ,2013,https://www.indiacode.nic.in/handle/123456789/2122?view_type=search&col=123456789/1362,
IND,India,"The Black Money (Undisclosed Foreign Income & Assets) and Imposition of Tax Act ""Black Money Act""",Financial crime law,2015,https://www.indiacode.nic.in/handle/123456789/2147?view_type=search&col=123456789/1362,
IND,India,The Indian Penal Code,General Corruption Law,1860,https://www.indiacode.nic.in/repealedfileopen?rfilename=A1860-45.pdf,
IND,India,The Prevention of Corruption Act (PCA),General Corruption Law,1988,"https://www.indiacode.nic.in/bitstream/123456789/15302/1/pc_act,_1988.pdf",2018
IND,India,The Foreign Contribution (Regulation) Act,General Corruption Law,2010,https://www.indiacode.nic.in/handle/123456789/2098?view_type=browse,
IND,India,The Prevention of Money Laundering Act,Money laundering law,2002,https://www.indiacode.nic.in/handle/123456789/2036?view_type=search,
IND,India,"The Foreign Exchange Management Act, 1999 ",Private Sector Law,1999,https://www.indiacode.nic.in/bitstream/123456789/1988/1/A1999_42.pdf,
IND,India,Companies Act,Private Sector Law,2013,https://www.indiacode.nic.in/handle/123456789/2114,
IND,India,The Fugitive Economic Offenders Act,Public financial management law,2018,https://www.indiacode.nic.in/handle/123456789/4035?view_type=browse,
IND,India,Right to Information Act (RTI),General Corruption Law,2005,https://www.indiacode.nic.in/handle/123456789/2065?view_type=search&col=123456789/1362,
IND,India,The Whistle Blowers Act ,Whistleblowing law,2014,https://lddashboard.legislative.gov.in/actsofparliamentfromtheyear/whistle-blowers-protection-act-2014,
IDN,Indonesia,Law No. 30 on the Indonesian Corruption Eradication Commission (KPK),General Corruption Law,2002,https://peraturan.bpk.go.id/Details/44493/uu-no-30-tahun-2002,
IDN,Indonesia,Law No. 46 on the Court of Criminal Acts of Corruption,General Corruption Law,2009,https://peraturan.bpk.go.id/Details/38791/uu-no-46-tahun-2009,
IDN,Indonesia,Law No. 11 on the Criminal Acts of Bribery ,Bribery law,1980,https://peraturan.bpk.go.id/Details/47142/uu-no-11-tahun-1980,
IDN,Indonesia,Fraud Regulations,Financial crime law,2022,https://peraturan.bpk.go.id/Details/257013/perwali-kota-sukabumi-no-102-tahun-2022,
IDN,Indonesia,UU No. 31  on the Eradication of the Criminal Act of Corruption,General Corruption Law,1999,https://peraturan.bpk.go.id/Details/45350/uu-no-31-tahun-1999,
IDN,Indonesia,The Criminal Code,General Corruption Law,1946,https://peraturan.bpk.go.id/Details/25029/uu-no-1-tahun-1946,
IDN,Indonesia,"Law No. 28  on State Administration that is Clean and Free from Corruption, Collusion, and Nepotism",General Corruption Law,1999,https://peraturan.bpk.go.id/Details/45345/uu-no-28-tahun-1999,
IDN,Indonesia,Law No. 8 on the Prevention and Eradication of the Crime of Money-Laundering,Money laundering law,2010,https://peraturan.bpk.go.id/Details/38547/uu-no-8-tahun-2010,
IDN,Indonesia,Law No. 5 on the Prohibition of Monopolistic Practices and Unfair Business Competition,Private Sector Law,1999,https://peraturan.bpk.go.id/Details/45280/uu-no-5-tahun-1999,
IDN,Indonesia,Supreme Court Regulation No. 13 of 2016 on Procedures for Handling Corporate Crimes,General Corruption Law,2016,https://peraturan.bpk.go.id/Details/209693/perma-no-13-tahun-2016,
IDN,Indonesia,"Presidential Regulation No. 16 of 2018 on Public Procurement of Goods and Services,",General Corruption Law,2018,https://peraturan.bpk.go.id/Details/73586/perpres-no-16-tahun-2018,
IDN,Indonesia,"Government Regulation No. 43 Procedures for Implementing Community Participation and Awarding in the Prevention and Eradication of Criminal Acts of Corruption",General Corruption Law,2018,https://peraturan.bpk.go.id/Details/94821/pp-no-43-tahun-2018,
IDN,Indonesia,Regulation Financial Transaction Reporting ,General Corruption Law,2021,https://peraturan.bpk.go.id/Details/168891/peraturan-ppatk-no-1-tahun-2021,
IDN,Indonesia,Law No. 13 on Witness and Victim Protection,Whistleblowing law,2006,https://peraturan.bpk.go.id/Details/40178/uu-no-13-tahun-2006,
IRL,Ireland,Ethics in Public Office Act,Abuse of authority law,1995,https://www.irishstatutebook.ie/eli/1995/act/22/enacted/en/html,
IRL,Ireland,Proceeds of Crime Act,Financial crime law,1996,https://www.irishstatutebook.ie/eli/1996/act/30/enacted/en/html,
IRL,Ireland,Standards in Public Office Act,General Corruption Law ,2001,https://www.irishstatutebook.ie/eli/2001/act/31/enacted/en/html?q=standards+in+public+office,
IRL,Ireland,Criminal Assets Bureau Act,General Corruption Law ,1996,https://www.irishstatutebook.ie/eli/1996/act/31/enacted/en/html?q=criminal+assets+bureau,
IRL,Ireland,Criminal Justice (Corruption Offences) Act,General Corruption Law,2018,https://www.irishstatutebook.ie/eli/2018/act/9/enacted/en/html?q=criminal+justice+act+AND+corruption,
IRL,Ireland,Criminal Justice (Money Laundering and Terrorist Financing) Act,Money laundering law,2010,https://www.irishstatutebook.ie/eli/2010/act/6/enacted/en/html,
IRL,Ireland,Electoral Act,Political financing law,1997,https://www.irishstatutebook.ie/eli/1992/act/23/enacted/en/html,
IRL,Ireland,Companies Act,Private Sector Law,2014,https://www.irishstatutebook.ie/eli/2014/act/38/enacted/en/html,
IRL,Ireland,Criminal Justice (Mutual Assistance) Act,Public financial management law,2008,https://www.irishstatutebook.ie/eli/2015/act/40/enacted/en/html,
IRL,Ireland,Regulation of Lobbying Act,General Corruption Law,2015,https://www.irishstatutebook.ie/eli/2015/act/5/enacted/en/html,
IRL,Ireland,Public Service Management Act,General Corruption Law,2004,https://www.irishstatutebook.ie/eli/2004/act/33/enacted/en/html,
IRL,Ireland,Freedom of Information Act,General Corruption Law,2014,https://www.irishstatutebook.ie/eli/2014/act/30/enacted/en/html,
IRL,Ireland,Protected Disclosures Act,Whistleblowing law,2014,https://www.irishstatutebook.ie/eli/2014/act/14/enacted/en/html,
ITA,Italy,Law On Procedures for Managing Conflicts of Interest,Abuse of authority law,2004,https://www.normattiva.it/uri-res/N2Ls?urn:nir:stato:legge:2004;215,
ITA,Italy,Criminal Code ,General Corruption Law,1931,https://www.normattiva.it/uri-res/N2Ls?urn:nir:stato:regio.decreto:1930-10-19;1398,2025
ITA,Italy,Law On Countering Corruption and Unlawfulness in Public Administration,General Corruption Law,2012,https://www.normattiva.it/uri-res/N2Ls?urn:nir:stato:legge:2012-11-06;190!vig=,
ITA,Italy,Decree on the prevention of the use of the financial system for the purpose of money laundering and terrorist financing,Money laundering law,2007,https://www.normattiva.it/uri-res/N2Ls?urn:nir:stato:decreto.legislativo:2007-11-21;231,
ITA,Italy,Decree on Public Contracts,Public financial management law,2022,https://www.normattiva.it/uri-res/N2Ls?urn:nir:stato:decreto.legislativo:2023;036,
ITA,Italy,"Law On Measures to combat crimes against public administration, as well as regarding the statute of limitations for crimes and the transparency of political parties and movements.",General Corruption Law,2019,https://www.normattiva.it/eli/id/2019/01/16/18G00170/ORIGINAL,
ITA,Italy,"Decree on regulations regarding the right of civic access and the obligations of publicity, transparency and dissemination of information by public administrations",General Corruption Law,2007,https://www.normattiva.it/uri-res/N2Ls?urn:nir:stato:decreto.legislativo:2013-03-14;33~art5!vig=,
ITA,Italy,On the Protection of Whistleblowers,Whistleblowing law,2017,https://www.normattiva.it/uri-res/N2Ls?urn:nir:stato:legge:2017;179,
JPN,Japan,Act on Punishment of Public Officials´ Profiting by Exerting Influence,Abuse of authority law,2000,https://www.japaneselawtranslation.go.jp/en/laws/view/1466,
JPN,Japan,Ethics Act for Public Servants,Abuse of authority law,1999,https://www.japaneselawtranslation.go.jp/en/laws/view/3803/en,
JPN,Japan,Political Funds Control Act,General Corruption Law,1999,https://www.japaneselawtranslation.go.jp/en/laws/view/3803,
JPN,Japan,Financial Instruments and Exchange Act,Financial crime law,1948,https://www.japaneselawtranslation.go.jp/en/laws/view/2355/en,2024
JPN,Japan,Penal Code ,General Corruption Law,1907,https://www.japaneselawtranslation.go.jp/en/laws/view/3581,
JPN,Japan,Unfair Competition Prevention Act,Private Sector Law,1993,https://www.japaneselawtranslation.go.jp/en/laws/view/4920,
JPN,Japan,Act on Prohibition of Private Monopolization and Maintenance of Fair Trade,Private Sector Law,1947,https://www.japaneselawtranslation.go.jp/en/laws/view/1929/en,
JPN,Japan,"Act on Elimination and Prevention of Involvement in Bid Rigging, etc. and Punishments for Acts by Employees that Harm Fairness of Bidding, etc.",Private Sector Law,2002,https://www.japaneselawtranslation.go.jp/en/laws/view/3764,
JPN,Japan,"Act on Punishment of Organized Crimes and Control of Proceeds of Crime",General Corruption Law,1999,https://www.japaneselawtranslation.go.jp/en/laws/view/3587,
JPN,Japan,Code of Criminal Procedure ,Public financial management law,,https://www.japaneselawtranslation.go.jp/en/laws/view/3739,
JPN,Japan,Act on Access to Information held by Administrative Organs ,General Corruption Law,1999,https://www.japaneselawtranslation.go.jp/en/laws/view/3765/en,2021
JPN,Japan,Whistleblower Protection Act,Whistleblowing law,2004,https://www.japaneselawtranslation.go.jp/en/laws/view/4220,
KAZ,Kazakhstan,Administrative Offences Code,Abuse of authority law,2014,https://adilet.zan.kz/eng/docs/K010000155_,
KAZ,Kazakhstan,Law on State Service in the Republic of Kazakhstan,Abuse of authority law,2013,https://adilet.zan.kz/eng/docs/Z1300000088,
KAZ,Kazakhstan,Civil Code,Abuse of authority law,1994,https://adilet.zan.kz/eng/docs/K940001000_,
KAZ,Kazakhstan,Act on the return of illegally acquired assets to the state,Financial crime law,2023,https://adilet.zan.kz/eng/docs/Z2300000021,
KAZ,Kazakhstan,On governmental audit and financial control,Financial crime law,2015,https://adilet.zan.kz/eng/docs/Z1500000392,
KAZ,Kazakhstan,Law on Audit Activity,Financial crime law,1998,https://adilet.zan.kz/eng/docs/Z980000304_,
KAZ,Kazakhstan,Tax Code,Financial crime law,2017,https://adilet.zan.kz/eng/docs/K1700000120,
KAZ,Kazakhstan,Constitution,General Corruption Law,1995,https://adilet.zan.kz/eng/docs/K950001000_,
KAZ,Kazakhstan,the Criminal Code,General Corruption Law,1997,https://adilet.zan.kz/eng/docs/K970000167_,
KAZ,Kazakhstan,Law On Combating Corruption,General Corruption Law,2015,https://adilet.zan.kz/eng/docs/Z1500000410,
KAZ,Kazakhstan,"On Counteraction of Legitimization (Laundering) of Incomes Received by Illegal Means, and Financing of Terrorism",Money laundering law,2009,https://adilet.zan.kz/eng/docs/Z090000191_,
KAZ,Kazakhstan,Law on Political Parties,Political financing law,2002,https://adilet.zan.kz/eng/docs/Z020000344_,
KAZ,Kazakhstan,Code of Criminal Procedure ,Public financial management law,1997,https://adilet.zan.kz/eng/docs/Z970000206_,
KAZ,Kazakhstan,On Public Procurement,Public financial management law,2024,https://adilet.zan.kz/eng/docs/Z2400000106,
KAZ,Kazakhstan,Decree of the President of Kazakhstan on vertain issues regarding the National Agency for Civil Service and Anti-Corruption of the President of Kazkahstan ,General Corruption Law,2019,https://adilet.zan.kz/eng/docs/U1900000074,
KAZ,Kazakhstan,The law on access to information,General Corruption Law,2015,https://adilet.zan.kz/eng/docs/Z1500000401,
KEN,Kenya,"The Leadership and Integrity Act, 2012",Abuse of authority law,2012,http://kenyalaw.org:8181/exist/rest/db/kenyalex/Kenya/Legislation/English/Acts%20and%20Regulations/L/Leadership%20and%20Integrity%20Act%20-%20No.%2019%20of%202012/docs/LeadershipandIntegrityAct19of2012.pdf,
KEN,Kenya,Public Procurement and Asset Disposal Act (PPADA),Financial crime law,2015,https://new.kenyalaw.org/akn/ke/act/2015/33/eng@2022-12-31/source,2016 [2022]
KEN,Kenya,Public Finance Management Act,Financial crime law,2012,http://www.kenyalaw.org:8181/exist/rest/db/kenyalex/Kenya/Legislation/English/Acts%20and%20Regulations/P/Public%20Finance%20Management%20Act%20Cap.%20412C%20-%20No.%2018%20of%202012/docs/PublicFinanceManagementAct18of2012.pdf,
KEN,Kenya,Bribery Act,General Corruption Law,2016,http://kenyalaw.org:8181/exist/rest/db/kenyalex/Kenya/Legislation/English/Acts%20and%20Regulations/B/Bribery%20Act%20-%20No.%2047%20of%202016/docs/BriberyAct47of2016.pdf,
KEN,Kenya,Anti-Corruption and Economic Crimes Act (ACECA),General Corruption Law,2003,https://new.kenyalaw.org/akn/ke/act/2003/3/eng@2023-12-11/source,2016 [2014]
KEN,Kenya,Public Officer Ethics Act,General Corruption Law,2003,http://kenyalaw.org:8181/exist/kenyalex/sublegview.xql?subleg=No.%204%20of%202003#KE/LEG/EN/AR/P/NO.%204%20OF%202003/SUBLEG/HC_LN1182003,
KEN,Kenya,"the Penal Code, Cap 63",General Corruption Law,1930,https://new.kenyalaw.org/akn/ke/act/1930/10/eng@2023-12-11/source,2009[2012]
KEN,Kenya,Proceeds of Crime and Anti-Money Laundering Act (POCAMLA),Money laundering law,2009,http://kenyalaw.org:8181/exist/rest/db/kenyalex/Kenya/Legislation/English/Acts%20and%20Regulations/P/Proceeds%20of%20Crime%20and%20Anti-Money%20Laundering%20Act%20-%20No.%209%20of%202009/docs/ProceedsofCrimeandAnti-MoneyLaunderingAct9of2009.pdf,2022
LVA,Latvia,Law on Compensations of Damages,Abuse of authority law,2005,https://likumi.lv/ta/en/en/id/110746,2018
LVA,Latvia,State Civil Service Law,Abuse of authority law,2001,https://likumi.lv/ta/en/en/id/10944,2022
LVA,Latvia,Law on Disiplinary Liability of Civil Servants and the Investigatory operations Law,Abuse of authority law,2006,https://likumi.lv/ta/en/en/id/136110,2012
LVA,Latvia,Law on Prevention of Conflict of Interest in Activities of Public Officials,Abuse of authority law,2002,https://likumi.lv/ta/en/en/id/61913,2023
LVA,Latvia,Law on Public Procurement,Abuse of authority law,2002,https://likumi.lv/ta/en/en/id/287760,2024
LVA,Latvia,Law on Credit Insitutions,Financial crime law,1995,https://likumi.lv/ta/en/en/id/37426,2024
LVA,Latvia,Constitution,General Corruption Law,1933,https://likumi.lv/ta/en/en/id/57980,2019
LVA,Latvia,Criminal Law,General Corruption Law,1999,https://likumi.lv/ta/en/en/id/88966,2023
LVA,Latvia,Criminal Procedure Code,General Corruption Law,2005,https://likumi.lv/ta/en/en/id/107820,2025
LVA,Latvia,Law on Special Protection of Persons,General Corruption Law,2005,https://likumi.lv/ta/en/en/id/109241,2010
LVA,Latvia,Civil Law Convention on Corruption,General Corruption Law,1999,https://likumi.lv/ta/en/lv/starptautiskie-ligumi/id/1398,2025
LVA,Latvia,Criminal Law Convention On Corruption,General Corruption Law,1999,https://likumi.lv/legislation/en/en/treaties/id/1437,2002
LVA,Latvia,Law on Financing Political Parties,General Corruption Law,2002,https://likumi.lv/ta/en/en/id/36189,2025
LVA,Latvia,Law on the prevention of Money Laundering and Terrorism Financing,Money laundering law,2008,https://likumi.lv/ta/en/en/id/178987,2024
LVA,Latvia,Law on Transparency of Interest Representation,General Corruption Law,2022,https://likumi.lv/ta/en/en/id/336676,2022
LVA,Latvia,"Procedure for Completion, Submission, Registration and Keeping of Declarations of Public Officials and for Drawing up and Submission of Lists of Persons Holding the Office of a Public Official",General Corruption Law,2002,https://likumi.lv/ta/en/en/id/67750,2016
LVA,Latvia,Whistleblowing Law,Whistleblowing law,2019,https://likumi.lv/ta/en/en/id/302465,2022
LTU,Lithuania,Law on the Adjustment of Public and Private Interests,Abuse of authority law,1997,https://www.e-tar.lt/portal/en/legalAct/TAR.C0E550D6ADF0,
LTU,Lithuania,Law on the Special Investigation Service,General Corruption Law ,2017,https://e-seimas.lrs.lt/portal/legalAct/lt/TAD/93e47c82e70f11e7b4d1bdd5f1a9ff0e,
LTU,Lithuania,Law on the Anti-Corruption Commission of the Seimas ,General Corruption Law,2001,https://e-seimas.lrs.lt/portal/legalAct/lt/TAD/TAIS.152871?positionInSearchResults=0&searchModelUUID=81a0f9ba-82ca-4f79-9ed4-5953c88bcc02,
LTU,Lithuania,The Constitution,General Corruption Law,1992,https://e-seimas.lrs.lt/portal/legalAct/lt/TAD/079fcad0cf8711ecb69ea7b9ba9d787b?jfwid=b454lz9dz,
LTU,Lithuania,Law on Prevention of Corruption,General Corruption Law,2002,https://www.e-tar.lt/portal/lt/legalAct/TAR.4DBDE27621A2,
LTU,Lithuania,the Criminal Code,General Corruption Law,2000 (2003),https://e-seimas.lrs.lt/portal/legalAct/lt/TAD/TAIS.111555,
LTU,Lithuania,Code of Criminal Procedure,General Corruption Law,2002,https://e-seimas.lrs.lt/portal/legalAct/lt/TAD/TAIS.163482,
LTU,Lithuania,Law on the Prevention of Money-Laundering and Terrorist Financing (Anti-Money Laundering law),Money laundering law,1997,https://e-seimas.lrs.lt/portal/legalAct/lt/TAD/TAIS.41300?positionInSearchResults=42&searchModelUUID=5cb0b000-5a1c-4db1-8902-f65c674eb406,
LTU,Lithuania,Law on Presidential Elections,Political financing law,1992,https://e-seimas.lrs.lt/portal/legalActPrint/lt?jfwid=79wztist4&documentId=TAIS.5602&category=TAD,
LTU,Lithuania,Law on Municipal Elections,Political financing law,1994,https://e-seimasx.lrs.lt/rs/legalact/TAD/TAIS.101706/,
LTU,Lithuania,Law on Political Campaign Funding and Financial Control ,Political financing law,2004,https://e-seimas.lrs.lt/portal/legalActPrint/lt?category=TAD&documentId=33b099b0602c11e99684a7f33a9827ac&jfwid=i3h7wflpc,
LTU,Lithuania,Law on the Civil Service,General Corruption Law,1997,https://www.e-tar.lt/portal/lt/legalAct/TAR.D3ED3792F52B/asr,
LTU,Lithuania,Law on the Prosecution Service,Public financial management law,1994,https://e-seimas.lrs.lt/portal/legalAct/lt/TAD/TAIS.5956,
LTU,Lithuania,Law on Mutual Recognition and Enforcement of Judgments in Criminal Matters (Law on Mutual Recognition) not sure if these should be included ,Public financial management law,2014,https://e-seimas.lrs.lt/portal/legalAct/lt/TAD/127010e06fdc11e4becb8c56b1259a0e,
LTU,Lithuania,Law on Public Procurement,Public financial management law,1996,https://e-seimas.lrs.lt/portal/legalAct/lt/TAD/TAIS.30614?positionInSearchResults=8&searchModelUUID=5cb0b000-5a1c-4db1-8902-f65c674eb406,
LTU,Lithuania,Law on the Right to Obtain Information from State and Municipal Institutions and Agencies,General Corruption Law,2021,https://e-seimas.lrs.lt/portal/legalAct/lt/TAD/77d2b640dd6711eb866fe2e083228059,
LTU,Lithuania,Law on Protection of Whistleblowers,Whistleblowing law,2017,https://e-seimas.lrs.lt/portal/legalAct/lt/TAD/3832a702d8ea11e782d4fd2c44cc67af,
LUX,Luxembourg,Regulations for civil servants,Abuse of authority law,1979,https://legilux.public.lu/eli/etat/leg/loi/1979/04/16/n1/jo,1979
LUX,Luxembourg,Law of 16 April 1979 establishing the General Status of State Civil Servants,Abuse of authority law,1979,https://legilux.public.lu/eli/etat/leg/loi/1979/04/16/n1/jo,1979
LUX,Luxembourg,Law of 24 December 1985 establishing the General Status of Communal Civil Servants,Abuse of authority law,1985,https://legilux.public.lu/eli/etat/leg/loi/1985/12/24/n3/jo,1987
LUX,Luxembourg,Law of 23 December 2016 on market abuse,Financial crime law,2016,https://legilux.public.lu/eli/etat/leg/loi/2016/12/23/n15/jo,2016
LUX,Luxembourg,Law of 8 April 2018 on public procurement,Financial crime law,2018,https://legilux.public.lu/eli/etat/leg/loi/2018/04/08/a243/jo,2018
LUX,Luxembourg,Criminal Code,General Corruption Law,1879,https://legilux.public.lu/eli/etat/leg/code/penal/20240308,2025
LUX,Luxembourg,Criminal Procedure Code,General Corruption Law,1808,https://legilux.public.lu/eli/etat/leg/code/procedure_penale/20250131,2025
LUX,Luxembourg,Law of 13 February 2011 on Strengthening Anti-Corruption Measures,General Corruption Law,2011,https://legilux.public.lu/eli/etat/leg/loi/2011/02/13/n2/jo,2011
LUX,Luxembourg,Law of 15 January 2001 approving the OECD Convention on combating bribery of foreign public officials in international business,General Corruption Law,2001,https://legilux.public.lu/eli/etat/leg/loi/2001/01/15/n1/jo,2001
LUX,Luxembourg,Law of 23 May 2005 approving Council of Europe conventions on corruption,General Corruption Law,2005,https://legilux.public.lu/eli/etat/leg/loi/2005/05/23/n1/jo,2005
LUX,Luxembourg,Grand-Ducal Regulation of 15 February 2008 on the composition and functioning of the Corruption Prevention Committee,General Corruption Law,2008,https://legilux.public.lu/eli/etat/leg/loi/2007/08/01/n15/jo,2008
LUX,Luxembourg,Law of 12 November 2004 on the Fight against Money Laundering and Terrorist Financing,Money laundering law,2004,https://legilux.public.lu/eli/etat/adm/amin/2025/08/27/b3957/jo,2025
LUX,Luxembourg,Law of 4 December 2024 amending the money laundering law,Money laundering law,2024,https://legilux.public.lu/eli/etat/leg/loi/2024/12/04/a495/jo,2024
LUX,Luxembourg,Corporations Act,Private Sector Law,1915,https://legilux.public.lu/eli/etat/leg/loi/1915/08/10/n1/consolide/20250302,2025
LUX,Luxembourg,The Labour Act,Private Sector Law,2006,https://legilux.public.lu/eli/etat/leg/code/travail/20240227,2023
LUX,Luxembourg,Law of 21 December 2007 on the Funding of Political Parties,General Corruption Law,2007,https://legilux.public.lu/eli/etat/leg/loi/2007/12/21/n8/jo,2007
LUX,Luxembourg,Law of 16 May 2023 on the Protection of Whistleblowers,Whistleblowing law,2023,https://legilux.public.lu/eli/etat/leg/loi/2023/05/16/a232/jo,2023
MKD,Macedonia,"Law on management with confiscated property, proceeds and objects seized in criminal and misdemeanor procedure",Financial crime law,2024,https://dejure.mk/zakon/zakon-za-upravuvanje-so-konfiskuvan-imot-imotna-korist-i-odzemeni-predmeti-vo-krivichna-i-prekrshochna-postapka-1,
MKD,Macedonia,Audit Law,General Corruption Law ,2010,https://dejure.mk/zakon/zakon-za-revizija,
MKD,Macedonia,the Constitution,General Corruption Law,,,
MKD,Macedonia,The Criminal Code,General Corruption Law,1996,https://dejure.mk/zakon/krivichen-zakonik,
MKD,Macedonia,Law On the Prevention of Corruption and Conflict of interest ,General Corruption Law,2019,https://dejure.mk/zakon/zakon-za-sprechuvanje-na-korupcijata-i-sudirot-na-interesi-1,
MKD,Macedonia,Law on criminal procedure,General Corruption Law,2010,https://dejure.mk/zakon/zakon-za-krivichnata-postapka,
MKD,Macedonia,Law on Civil Servants,General Corruption Law,2000,https://www.aa.mk/content/pdf/Drugi%20dokumenti/ZAS/zakoni/zakon_za_administrativni_sluzhbenici_2020.pdf,
MKD,Macedonia,Law on the Prevention of Money Laundering and Financing of Terrorism,Money laundering law,2022,https://dejure.mk/zakon/zakon-za-sprechuvanje-perenje-pari-i-finansiranje-na-terorizam-1,
MKD,Macedonia,Electoral Code of the Republic of Macedonia,Political financing law,2006,https://legislationline.org/sites/default/files/documents/52/NMAC_electoral%20code.pdf,
MKD,Macedonia,Law on Financing of Political Parties,Political financing law,2004,https://dejure.mk/zakon/zakon-za-finansiranje-na-politichkite-partii,
MKD,Macedonia,Public Procurement Law,Public financial management law,2019,https://dejure.mk/zakon/zakon-za-javnite-nabavki,
MKD,Macedonia,Law on Free Access to Public Information,General Corruption Law,2019,https://dejure.mk/zakon/zakon-za-sloboden-pristap-do-informacii-od-javen-karakter-1,
MKD,Macedonia,Law on the Protection of Whistleblowers,Whistleblowing law,2016,https://legislationline.org/sites/default/files/2025-04/North-Macedonia_Law-on-WB-Protection.pdf,
MLT,Malta,Public Administration Act,Abuse of authority law,2019,https://legislation.mt/eli/cap/595/eng,
MLT,Malta,Standards in Public Life Act,Abuse of authority law,2018,https://legislation.mt/eli/cap/570/eng,
MLT,Malta,Public Finance Management Act,Abuse of authority law,2019,https://legislation.mt/eli/cap/601/eng,
MLT,Malta,Permanent Commission Against Corruption Act (PCACA),General Corruption Law ,1988,https://legislation.mt/eli/cap/326/eng,
MLT,Malta,Criminal Code ,General Corruption Law,1854,https://legislation.mt/eli/cap/9/eng,
MLT,Malta,Prevention of Money Laundering Act (PMLA),Money laundering law,1994,https://legislation.mt/eli/cap/373/eng,
MLT,Malta,Fiscal Responsibility Act,Private Sector Law,2014,https://legislation.mt/eli/cap/534/eng,
MLT,Malta,Extradition Act,Public financial management law,1982,https://legislation.mt/eli/cap/276/eng,
MLT,Malta,Public Procurement Regulations,Public financial management law,2016,https://legislation.mt/eli/sl/601.3/eng,
MLT,Malta,Prevention of Corruption in Sport Act,General Corruption Law,2018,https://legislation.mt/eli/cap/593/eng,
MLT,Malta,Freedom of Information Act,General Corruption Law,2009,https://legislation.mt/eli/cap/496/eng,
MLT,Malta,Protection of the Whistleblower Act,Whistleblowing law,2013,https://legislation.mt/eli/cap/527/eng,
MLT,Malta,Police Act,Whistleblowing law,2017,https://legislation.mt/eli/cap/164/eng,
MEX,Mexico,Federal Law on the Responsibilities of Public Servants,Abuse of authority law,1982,https://www.ordenjuridico.gob.mx/Documentos/Federal/pdf/wo9058.pdf,
MEX,Mexico,General Law of the National Anti-Corruption System (Ley General de Sistema Nacional Anticorrupción),General Corruption Law ,2016,https://www.ordenjuridico.gob.mx/Documentos/Federal/pdf/wo118520.pdf,
MEX,Mexico,Fiscal Coordination Law ,General Corruption Law,1978,https://www.ordenjuridico.gob.mx/Documentos/Federal/pdf/wo6.pdf,
MEX,Mexico,Federal Oversight and Accountability Law,General Corruption Law,2016,https://www.ordenjuridico.gob.mx/Documentos/Federal/pdf/wo114650.pdf,
MEX,Mexico,The Constitution,General Corruption Law,1917,https://www.gob.mx/indesol/documentos/constitucion-politica-de-los-estados-unidos-mexicanos-97187,2021
MEX,Mexico,General Law on Administrative Respobsilities ,General Corruption Law,2016,https://www.gob.mx/indesol/documentos/ley-general-de-responsabilidades-administrativas-marco-normativo,2021
MEX,Mexico,Federal Anti-Corruption Law in Public Contracts,General Corruption Law,2012,https://www.oas.org/juridico/PDFs/mesicic5_mex_ane_9.pdf,
MEX,Mexico,Federal Penal Code ,General Corruption Law,1931,https://www.ordenjuridico.gob.mx/Documentos/Federal/pdf/wo83048.pdf,
MEX,Mexico,Federal Law for the Prevention of Operations Involving Illicit Proceeds (LFPIORPI),Money laundering law,2012,https://www.ordenjuridico.gob.mx/Documentos/Federal/pdf/wo74107.pdf,2021
MEX,Mexico,Public-Private Partnership Law,Private Sector Law,2012,https://www.ordenjuridico.gob.mx/Documentos/Federal/pdf/wo124895.pdf,
MEX,Mexico,Commercial Code ,Private Sector Law,1889,https://www.ordenjuridico.gob.mx/Documentos/Federal/pdf/wo38904.pdf,
MEX,Mexico,Law on Public Works and Related Services ,Public financial management law,2000,https://www.ordenjuridico.gob.mx/Documentos/Federal/pdf/wo12917.pdf,
MEX,Mexico,"General Law on Public Sector Acquisitions, Leases, and Services",Public financial management law,2021,https://www.gob.mx/indesol/documentos/ley-de-adquisiciones-arrendamientos-y-servicios-del-sector-publico-y-sus-reformas,
MEX,Mexico,General Law on Transparency and Public Access to Information,General Corruption Law,2025,https://www.ordenjuridico.gob.mx/Documentos/Federal/pdf/wo125097.pdf,
MDA,Moldova,Law on Institutional Integrity Evaluation,Abuse of authority law,2013,https://www.legis.md/cautare/getResults?doc_id=142068&lang=ro,2024
MDA,Moldova,Law on the National integrity Authority,Beneficial ownership,2016,https://www.legis.md/cautare/getResults?doc_id=94148&lang=ro,2025
MDA,Moldova,Law on Decleration of assets and Personal Interests,Beneficial ownership,2016,https://www.legis.md/cautare/getResults?doc_id=94157&lang=ro,2025
MDA,Moldova,Law on financial insitutions,Financial crime law,1995,https://www.legis.md/cautare/getResults?doc_id=90976&lang=ro,2016
MDA,Moldova,Law on the national bank of Moldova,Financial crime law,1995,https://www.legis.md/cautare/getResults?doc_id=66550&lang=ro,2014
MDA,Moldova,Constitution,General Corruption Law,1994,https://www.legis.md/cautare/getResults?doc_id=111918&lang=ro,2024
MDA,Moldova,Criminal Code,General Corruption Law,2002,https://www.legis.md/cautare/getResults?doc_id=121991&lang=ro,2020
MDA,Moldova,Criminal Procedure code,General Corruption Law,2003,https://www.legis.md/cautare/getResults?doc_id=110260&lang=ro,2013
MDA,Moldova,Law on the National Antiorruption Center (CNA),General Corruption Law,2002,https://www.legis.md/cautare/getResults?doc_id=121236&lang=ro,2024
MDA,Moldova,Law on the prevention and combating of money-laundering and the financing of terrorism,Money laundering law,2017,https://www.legis.md/cautare/getResults?doc_id=125309&lang=ro,2024
MDA,Moldova,Integrity Law,Private Sector Law,2017,https://www.legis.md/cautare/getResults?doc_id=120706&lang=ro,2024
MDA,Moldova,Law regarding international treaties of the republic of Moldova,Public financial management law,1999,https://www.legis.md/cautare/getResults?doc_id=92552&lang=ro,2016
MDA,Moldova,Access to Information of Public Interest,General Corruption Law,2023,https://www.legis.md/cautare/getResults?doc_id=137908&lang=ro,2025
MDA,Moldova,Law on Integrity of Whistleblowers,Whistleblowing law,2023,https://www.legis.md/cautare/getResults?doc_id=138148&lang=ro,2024
NLD,Netherlands,Civil Servants Act,Abuse of authority law,2017,https://wetten.overheid.nl/BWBR0001947/2025-07-01,2025
NLD,Netherlands,Public Administration Probity Screening Act ,Abuse of authority law,2002,https://wetten.overheid.nl/BWBR0013798/2025-07-16,2022
NLD,Netherlands,Open government Act,Abuse of authority law,2002,https://wetten.overheid.nl/BWBR0045754/2025-07-01,2025
NLD,Netherlands,Political Parties (Financing) Act,Financial crime law,2013,https://wetten.overheid.nl/BWBR0033004/2025-01-01,2024
NLD,Netherlands,Constitution,General Corruption Law,1840,https://wetten.overheid.nl/BWBR0001840/2023-02-22/0,2023
NLD,Netherlands,Public Procurement Act,General Corruption Law,2012,https://wetten.overheid.nl/BWBR0032203/2025-09-01,2025
NLD,Netherlands,Criminal Code,General Corruption Law,1881,https://wetten.overheid.nl/BWBR0001854/2025-07-01,2025
NLD,Netherlands,Code of Criminal Procedure,General Corruption Law,1921,https://wetten.overheid.nl/BWBR0001903/2025-07-01,2024
NLD,Netherlands,Economic Offences Act ,General Corruption Law,1950,https://wetten.overheid.nl/BWBR0002063/2025-07-18,2023
NLD,Netherlands,Anti-Money Laundering and Counter-Terrorist Financing Act,Money laundering law,2008,https://wetten.overheid.nl/BWBR0024282/2025-07-01,2025
NLD,Netherlands,Whistle-blowers Authority Act,Whistleblowing law,2016,https://wetten.overheid.nl/BWBR0037852/2023-02-18/0,2023
NOR,Norway,Law on anti-money laundering and anti-terrorist financing ,Money laundering law,2018,https://lovdata.no/dokument/NL/lov/2018-06-01-23?q=hvitvasking,2025
NOR,Norway,Public Administration Act,Abuse of authority law,1970,https://lovdata.no/dokument/NL/lov/1967-02-10,2022
NOR,Norway,Freedom of Information Act,Abuse of authority law,2009,https://lovdata.no/dokument/NL/lov/2006-05-19-16,2022
NOR,Norway,Public Procurement Act,Financial crime law,2017,https://lovdata.no/dokument/NL/lov/2016-06-17-73,2025
NOR,Norway,"The Penal Code, Cap 30",General Corruption Law,2005,https://lovdata.no/dokument/NLE/lov/2005-05-20-28/*,2020
PRY,Paraguay,"Law No. 2523 Law on the Prevention, Criminalisation and Punishment of Unlawful Enrichment in Public Office and Trading in Influence",Abuse of authority law,2015,https://www.bacn.gov.py/leyes-paraguayas/4020/ley-n-2523-previene-tipifica-y-sanciona-el-enriquecimiento-ilicito-en-la-funcion-publica-y-el-trafico-de-influencias,
PRY,Paraguay,Law No. 5295 that Prohibits Nepotism in Public Service,Abuse of authority law,2014,https://www.bacn.gov.py/leyes-paraguayas/3016/ley-n-5295-prohibe-el-nepotismo-en-la-funcion-publica,
PRY,Paraguay,"Law No. 7089 Establishes the regime for prevention, correction and sanction of conflicts of interest in the public service",Abuse of authority law,2023,https://www.bacn.gov.py/leyes-paraguayas/11463/ley-n-7089-establece-el-regimen-de-prevencion-correccion-y-sancion-de-conflictos-de-intereses-en-la-funcion-publica,
PRY,Paraguay,"Law No. 7236/2024 - Which modifies several articles of Law No. 7089/2023 ""Which establishes the regime for the prevention, correction and sanction of conflicts of interest in the public service"" and repeals articles 24, 25, 26 and 38",Abuse of authority law,2024,https://www.contraloria.gov.py/index.php/categorias-de-archivos/file/34833-ley-n-7236-2024-que-modifica-varios-articulos-de-la-ley-n-7089-2023-que-establece-el-regimen-de-prevencion-correcion-y-sancion-de-conflictos-de-intereses-en-la-funcion-publica-y-deroga-los-articulos-24-25-26-y-38,
PRY,Paraguay,Law No. 6446 / Creates the administrative registry of persons and legal structures and the administrative registry of final beneficiaries of Paraguay,Beneficial ownership,2020,https://www.bacn.gov.py/leyes-paraguayas/9116/ley-n-6446-crea-el-registro-administrativo-de-personas-y-estructuras-juridicas-y-el-registro-administrativo-de-beneficiarios-finales-del-paraguay,
PRY,Paraguay,"Law No. 6430 on Prevention, Criminalisation and Punishment of Transnational Bribery",Bribery law,2020,"https://www.bacn.gov.py/leyes-paraguayas/9225/ley-n-6430-previene-tipifica-y-sanciona-los-hechos-punibles-de-cohecho-transnacional-y-soborno-transnacional#:~:text=Y%20SOBORNO%20TRANSNACIONAL-,Ley%20N%C2%BA%206430%20%2F%20PREVIENE%2C%20TIPIFICA%20Y%20SANCIONA%20LOS%20HECHOS%20PUNIBLES,COHECHO%20TRANSNACIONAL%20Y%20SOBORNO%20TRANSNACIONAL&text=Art%C3%ADculo%201%C2%B0.,Cohecho%20Transnacional%20y%20Soborno%20Transnacional.",
PRY,Paraguay,"Law No. 7389 Establishing the national regime of integrity, transparency and corruption prevention of the Republic of Paraguay",General Corruption Law ,2024,https://silpy.congreso.gov.py/web/ley/145063,
PRY,Paraguay,Criminal Code,General Corruption Law,1997,"https://www.bacn.gov.py/leyes-paraguayas/3497/codigo-penal#:~:text=Nadie%20ser%C3%A1%20sancionado%20con%20una,omisi%C3%B3n%20que%20motive%20la%20sanci%C3%B3n.",
PRY,Paraguay,Code of Criminal Procedure,General Corruption Law,1997,https://www.bacn.gov.py/leyes-paraguayas/203/ley-n-1286-codigo-procesal-penal,
PRY,Paraguay,"Law No. 1015/97 ""Which prevents and suppresses illicit acts intended for the legitimation of assets or goods""",Money laundering law,1997,https://www.bacn.gov.py/leyes-paraguayas/988/ley-n-1015-previene-y-reprime-los-actos-ilicitos-destinados-a-la-legitimacion-de-dinero-o-bienes,
PRY,Paraguay,"Law No. 3783/09 to amend various articles of Law No. 1,015/97 ""which prevents and suppresses illegal acts aimed at laundering money or property"" ",Money laundering law,2009,https://www.bacn.gov.py/leyes-paraguayas/1439/ley-n-3783-modifica-varios-articulos-de-la-ley-n-101597-que-previene-y-reprime-los-actos-ilicitos-destinados-a-la-legitimacion-de-dinero-o-bienes,
PRY,Paraguay,Law No. 4743 Which Regulates Political Financing,Political financing law,2012,https://www.bacn.gov.py/leyes-paraguayas/1198/regula-el-financiamiento-politico,2020
PRY,Paraguay,Law No. 7021 On Public Supply and Procurement,Public financial management law,2003,https://www.bacn.gov.py/leyes-paraguayas/11220/ley-n-7021-de-suministro-y-contrataciones-publicas,2022
PRY,Paraguay,Law No. 2880 that Represses Punishable Acts Against State Assets,Public financial management law,2013,https://www.bacn.gov.py/leyes-paraguayas/732/ley-n-2880-reprime-hechos-punibles-contra-el-patrimonio-del-estado,
PRY,Paraguay,Law No. 5282 / Free Citizen Access to Public Information and Government Transparency,General Corruption Law,2014,https://www.bacn.gov.py/leyes-paraguayas/3013/libre-acceso-ciudadano-a-la-informacion-publica-y-transparencia-gubernamental,
PER,Peru,The Civil Service Act,Abuse of authority law,2013,https://cdn.www.gob.pe/uploads/document/file/105200/_30057_-_22-07-2013_09_46_37_-30057.pdf?v=1645457366,2013
PER,Peru,Code of Ethics for the Public Function,Abuse of authority law,2002,https://cdn.www.gob.pe/uploads/document/file/301897/Reglamento_Ley_del_Codigo_de_Etica.pdf?v=1553296196,2025
PER,Peru,Constitution,Financial crime law,1993,https://cdn.www.gob.pe/uploads/document/file/198518/Constitucion_Politica_del_Peru_1993.pdf?v=1594239946,2021
PER,Peru,Organic Law of the National Control System and the Comptroller General,Financial crime law,2002,https://cdn.www.gob.pe/uploads/document/file/431141/Ley-27785.pdf?v=1574886460,2024
PER,Peru,Law to Strengthen the Comptroller General and the National Control System,Financial crime law,2018,https://www.leyes.congreso.gob.pe/Documentos/2016_2021/ADLP/Normas_Legales/30742-LEY.pdf?utm_source=chatgpt.com,2018
PER,Peru,Internal Control Law for State Entities,Financial crime law,2006,https://cdn.www.gob.pe/uploads/document/file/477577/Ley_N_28716.pdf?v=1579639311,2011
PER,Peru,General Law of Public Procurement ,Financial crime law,2024,https://cdn.www.gob.pe/uploads/document/file/7594705/6444155-ley-general-de-contrataciones-publicas-con-modificaciones-posteriores-hasta-el-11-12-2024.pdf?v=1738944838,2024
PER,Peru,Law of Transparency and access to Public Information,General Corruption Law,2003,https://cdn.www.gob.pe/uploads/document/file/1494560/Decreto%20Supremo%20Nº%20021-2019-JUS.pdf?v=1609218099,2019
PER,Peru,Criminal Code,General Corruption Law,1991,https://diariooficial.elperuano.pe/Normas/obtenerDocumento?idNorma=2&utm_source=chatgpt.com,2025
PER,Peru,Law Regulating Administrative Liability of Legal Persons ,General Corruption Law,2016,https://cdn.www.gob.pe/uploads/document/file/7568329/6426759-ley-n-30424-ley-que-regula-la-responsabilidad-administrativa-de-las-personas-juridicas-en-el-proceso-penal-actualizado-dic-2024.pdf?v=1738386333,2018
PER,Peru,Legislative Decree that Expands Corporate Liability to Corruption Offenses,General Corruption Law,2016,https://www.leyes.congreso.gob.pe/documentos/leyes/30424.pdf?utm_source=chatgpt.com,2017
PER,Peru,Law on Declarations of Interest for Conflict-of-Interest Management,General Corruption Law,2021,https://www.gob.pe/institucion/contraloria/colecciones/4096-declaraciones-juradas-de-intereses-dji?utm_source=chatgpt.com,2022
PER,Peru,Law Against Organized Crime,General Corruption Law,2013,https://leyes.congreso.gob.pe/Documentos/Leyes/30077.pdf?utm_source=chatgpt.com,2024
PER,Peru,Legislative Decree on the Effective Fight Against Money Laundering and Other Crimes Related to Illegal Mining and Organized Crime,Money laundering law,2012,https://www.leyes.congreso.gob.pe/Documentos/DecretosLegislativos/01106.pdf,2016
PER,Peru,Legislative Decree that Sanctions Corruption in the Private Sector,Private Sector Law,2018,https://cdn.www.gob.pe/uploads/document/file/192144/DL_1385.pdf?v=1593814898,2018
PER,Peru,Law on the Protection of Whistleblowers of Corruption and Sanctions for Bad-Faith Reports,Whistleblowing law,2017,https://cdn.www.gob.pe/uploads/document/file/530482/Reglamento_1327.pdf.pdf,2020
POL,Poland,Prosecution Service Act,Abuse of authority law,2016,https://isap.sejm.gov.pl/isap.nsf/DocDetails.xsp?id=WDU20160000177,2016
POL,Poland,Act on the National Council of the Judiciary,Abuse of authority law,2011,https://isap.sejm.gov.pl/isap.nsf/DocDetails.xsp?id=WDU20111260714,2011
POL,Poland,Executive Penal Code,Abuse of authority law,1997,https://isap.sejm.gov.pl/isap.nsf/DocDetails.xsp?id=WDU19970900557,1998
POL,Poland,Criminal Code,Financial crime law,1997,https://isap.sejm.gov.pl/isap.nsf/DocDetails.xsp?id=WDU19970880553,1998
POL,Poland,Act on the Central Anti-Corruption Bureau,General Corruption Law,2006,https://isap.sejm.gov.pl/isap.nsf/DocDetails.xsp?id=WDU20061040708,2006
POL,Poland,Act on restricting the Conduct of Economic Activity by Persons Performing Public Functions,General Corruption Law,1997,https://isap.sejm.gov.pl/isap.nsf/DocDetails.xsp?id=WDU19971060679,2005
POL,Poland,Act on Political Parties,General Corruption Law,1997,https://isap.sejm.gov.pl/isap.nsf/DocDetails.xsp?id=WDU19970980604,1997
POL,Poland,Public Procurement Act,General Corruption Law,2019,https://isap.sejm.gov.pl/isap.nsf/DocDetails.xsp?id=WDU20190002019,2020
POL,Poland,Code of Civil Procedure,General Corruption Law,1964,https://isap.sejm.gov.pl/isap.nsf/DocDetails.xsp?id=WDU19640430296,1964
POL,Poland,Civil Code,General Corruption Law,1964,https://isap.sejm.gov.pl/isap.nsf/DocDetails.xsp?id=WDU19640160093,1965
POL,Poland,Code of Criminal Procedure,General Corruption Law,1997,https://isap.sejm.gov.pl/isap.nsf/DocDetails.xsp?id=WDU19970890555,1998
POL,Poland,Anti-Money Laundering and Counter-Terrorism Financing Act,Money laundering law,2018,https://isap.sejm.gov.pl/isap.nsf/DocDetails.xsp?id=WDU20180000723,2018
POL,Poland,Constitution,Public financial management law,1997,https://isap.sejm.gov.pl/isap.nsf/DocDetails.xsp?id=WDU19970780483,1997
POL,Poland,Civil Service Act,Public financial management law,2008,https://isap.sejm.gov.pl/isap.nsf/DocDetails.xsp?id=WDU20082271505,2009
POL,Poland,Whistleblowing protection act,Whistleblowing law,2024,https://isap.sejm.gov.pl/isap.nsf/DocDetails.xsp?id=WDU20240000928,2024
PRT,Portugal,Crimes of Responsibility of Political Office Holders,Abuse of authority law,1987,https://diariodarepublica.pt/dr/legislacao-consolidada/lei/1987-34492375,
PRT,Portugal,Law On the Adoption of the Rules Regulating the Exercise of Functions by the Individuals Holding Political Positions and High Public Positions,Abuse of authority law,2019,https://diariodarepublica.pt/dr/legislacao-consolidada/lei/2019-123610895,
PRT,Portugal,Law on Public Control of the Wealth of Public Office Holders,Abuse of authority law,1983,https://diariodarepublica.pt/dr/detalhe/lei/4-1983-312432,
PRT,Portugal,Decree Law On the Establishment of a National Anti-Corruption Committee and the Establishment of a General Regime for the Prevention of Corruption,General Corruption Law,2021,https://diariodarepublica.pt/dr/detalhe/decreto-lei/109-e-2021-175659840,
PRT,Portugal,Law on Measures to combat organized and economic-financial crime,Financial crime law,2002,https://diariodarepublica.pt/dr/detalhe/lei/5-2002-583017,
PRT,Portugal,Code of Criminal Procedure,General Corruption Law,1929,https://diariodarepublica.pt/dr/detalhe/decreto-lei/78-1987-662562,
PRT,Portugal,Criminal Code,General Corruption Law,1995,https://diariodarepublica.pt/dr/legislacao-consolidada/decreto-lei/1995-34437675,
PRT,Portugal,Law on Measures to Combat Corruption,General Corruption Law,2008,https://diariodarepublica.pt/dr/legislacao-consolidada/lei/2008-34457875,
PRT,Portugal,Law on Measuers to combat money laundering and terrorist financing,Money laundering law,2017,https://diariodarepublica.pt/dr/detalhe/lei/83-2017-108021178,
PRT,Portugal,Law on Funding of Political Parties and Election Campaigns ,Political financing law,2003,https://diariodarepublica.pt/dr/detalhe/lei/19-2003-692850,
PRT,Portugal,On Criminal Liability for Corruption Crimes in International Trade and in the Private Sector,Private Sector Law,2008,https://diariodarepublica.pt/dr/legislacao-consolidada/lei/2008-34457975,
PRT,Portugal,Public Procurement Code (Decree/Law),Public financial management law,2008,https://diariodarepublica.pt/dr/detalhe/decreto-lei/18-2008-248178,
PRT,Portugal,General Law on Civil Service Employment,General Corruption Law,2014,https://diariodarepublica.pt/dr/detalhe/lei/35-2014-25676932,
PRT,Portugal,Law On the Establishment of a General Protection Regime for Whistleblowers,Whistleblowing law,2021,https://diariodarepublica.pt/dr/detalhe/lei/93-2021-176147929,
KOR,Republic of Korea,The Act on the Prevention of Conflict of Interest Related to Duties of Public Servants,Abuse of authority law,2021,https://elaw.klri.re.kr/eng_service/lawView.do?hseq=57427&lang=ENG,
KOR,Republic of Korea,Improper Solicitation and Graft Act,Abuse of authority law,2016,https://elaw.klri.re.kr/eng_service/lawView.do?hseq=41954&lang=ENG,
KOR,Republic of Korea,Code of Conduct for Public Officials,Abuse of authority law,2018,https://elaw.klri.re.kr/eng_service/lawView.do?hseq=47019&lang=ENG,
KOR,Republic of Korea,Act on Special Cases Concerning the Confiscation and Return of Property Acquired through Corrupt Practices ,Financial crime law,2021,https://elaw.klri.re.kr/kor_service/lawViewContent.do?hseq=67272,
KOR,Republic of Korea,"Act On International Judicial Mutual Assistance in Criminal Matters ",General Corruption Law,1991,https://elaw.klri.re.kr/eng_mobile/viewer.do?hseq=56083&type=part&key=9,2021
KOR,Republic of Korea,The Criminal Act (articles 355-359),General Corruption Law,1953,https://elaw.klri.re.kr/eng_service/lawView.do?hseq=28627&lang=ENG,2023
KOR,Republic of Korea,Act on the Establishment and Operation of the Corruption Investigation Office for High-Ranking Officials ,General Corruption Law,2020,https://elaw.klri.re.kr/eng_service/lawView.do?hseq=53133&lang=ENG,
KOR,Republic of Korea,The Act on Prohibition of False Claims for Public Funds & Recovery of Illicit Profits,General Corruption Law,2020,https://elaw.klri.re.kr/eng_mobile/viewer.do?hseq=66267&type=part&key=4,2024
KOR,Republic of Korea,"Act On Combating Bribery of Foreign Public Officials in International Business Transactions ",General Corruption Law,1998,https://elaw.klri.re.kr/eng_mobile/viewer.do?hseq=59810&key=9&type=part&,2021
KOR,Republic of Korea,Act on the Prevention of Corruption and the Establishment and Management of the Anti-Corruption and Civil Rights Commission (ACRC Act),General Corruption Law,2008,https://elaw.klri.re.kr/eng_service/lawView.do?hseq=69417&lang=ENG,2021
KOR,Republic of Korea,Act on Regulation of Punishment of Criminal Proceeds Concealment,Money laundering law,2010,"https://elaw.klri.re.kr/eng_service/lawView.do?lang=ENG&hseq=33226#:~:text=The%20purpose%20of%20this%20Act,as%20legitimately%20acquired%2C%20and%20by",
KOR,Republic of Korea,The Political Funds Act,Political financing law,2012,https://elaw.klri.re.kr/eng_service/lawView.do?hseq=29272&lang=ENG,
KOR,Republic of Korea,Monopoly Regulation and Fair Trade Act,Private Sector Law,1980,https://elaw.klri.re.kr/eng_service/lawView.do?lang=ENG&hseq=61424,2021
KOR,Republic of Korea,Act on Reporting and Use of Certain Financial Transaction Information ,Private Sector Law,2019,https://elaw.klri.re.kr/eng_service/lawView.do?hseq=49601&lang=ENG,
KOR,Republic of Korea,Administrative Appeals Act,General Corruption Law,2020,https://elaw.klri.re.kr/eng_service/lawView.do?hseq=54576&lang=ENG,
KOR,Republic of Korea,Official Information Disclosure Act,General Corruption Law,2013,https://elaw.klri.re.kr/eng_service/lawView.do?lang=ENG&hseq=29982,
KOR,Republic of Korea,Public Service Ethics Act,General Corruption Law,2017,https://elaw.klri.re.kr/eng_service/lawView.do?hseq=45491&lang=ENG,
KOR,Republic of Korea,Public Interest Whistleblower Protection Act,Whistleblowing law,2017,https://elaw.klri.re.kr/eng_mobile/viewer.do?hseq=45963&type=sogan&key=42,
ROU,Romania,Establishement and Functioning og the National Integrity Agency,Abuse of authority law,2007,https://legislatie.just.ro/Public/DetaliiDocument/81580,2010
ROU,Romania,Code of Conduct for Contraductual Personell,Abuse of authority law,2004,https://legislatie.just.ro/Public/DetaliiDocument/54203,2004
ROU,Romania,Decision- making transparency in public administration,Abuse of authority law,2003,https://legislatie.just.ro/public/detaliidocument/41571,2013
ROU,Romania,Integrity in the Exercise of Public functions and Dignites,Abuse of authority law,2010,https://legislatie.just.ro/Public/DetaliiDocumentAfis/121924,2021
ROU,Romania,Free Access to Information of Public Interest,Abuse of authority law,2001,https://arf.gov.ro/web/wp-content/uploads/2018/02/Lege-544-2001_en.pdf,2016
ROU,Romania,Public Procurement,Financial crime law,2016,https://legislatie.just.ro/Public/DetaliiDocument/178667,2024
ROU,Romania,Sectoral Procurement,Financial crime law,2016,https://legislatie.just.ro/Public/DetaliiDocument/178661,2022
ROU,Romania,Works and Services Concessions,Financial crime law,2016,https://legislatie.just.ro/Public/DetaliiDocument/178689,2016
ROU,Romania,"Preventing, Detecting and Sanctioning Irregularities in Obtaining and Using European Union and National Public Funds",Financial crime law,2011,https://legislatie.just.ro/Public/DetaliiDocumentAfis/129701,2011
ROU,Romania,Criminal Code,General Corruption Law,2009,https://legislatie.just.ro/Public/DetaliiDocumentAfis/109854,2023
ROU,Romania,Criminal Procedure Code,General Corruption Law,2010,https://legislatie.just.ro/Public/DetaliiDocumentAfis/120609,2024
ROU,Romania,"Law on the prevention, discovery and sanctioning of corruption offences",General Corruption Law,2000,https://legislatie.just.ro/public/detaliidocument/22361,2022
ROU,Romania,Transparency in Public Dignities,General Corruption Law,2003,https://legislatie.just.ro/public/detaliidocument/43323,2014
ROU,Romania,Establishment of the National Anticorruption Directorate,General Corruption Law,2002,https://legislatie.just.ro/Public/DetaliiDocument/35165,2013
ROU,Romania,Preventing and Combating Money Laundering and Terrorism Financing,Money laundering law,2019,https://legislatie.just.ro/Public/DetaliiDocumentAfis/216157,2020
ROU,Romania,Re-use of information from the Public bodies,Private Sector Law,2007,https://legislatie.just.ro/Public/DetaliiDocument/81689,2015
ROU,Romania,Open Data and Re-use of Public Sector Information,Private Sector Law,2022,https://legislatie.just.ro/Public/DetaliiDocument/256414,2022
ROU,Romania,Law regarding the protection of witnesses,Whistleblowing law,2002,https://legislatie.just.ro/Public/DetaliiDocumentAfis/157530,2013
ROU,Romania,Whistle-blowers in the Public Interest,Whistleblowing law,2022,https://legislatie.just.ro/public/DetaliiDocument/262872,2022
ROU,Romania,Protection of Whistle-blowers in the Public Interest,Whistleblowing law,2022,https://legislatie.just.ro/Public/DetaliiDocument/265181,2022
ROU,Romania,Protection of Employees Who Report Violations of the Law (abrogated),Whistleblowing law,2004,https://legislatie.just.ro/Public/DetaliiDocument/57866,2022
RUS,Russian Federation,Code of Criminal Procedure,Abuse of authority law,2001,,2025
RUS,Russian Federation,Code of Administrative Offences of the Russian Federation,Abuse of authority law,2001,,2025
RUS,Russian Federation,Federal Civil Service Act,Abuse of authority law,2004,,2025
RUS,Russian Federation,Federal Police Act,Abuse of authority law,2011,,2025
RUS,Russian Federation,Federal Act on the Office of the Procurator of the Russian Federation,Abuse of authority law,1992,,2025
RUS,Russian Federation,Federal Act on the Investigative  Committee of the Russian Federation,Abuse of authority law,2010,,2025
RUS,Russian Federation,Federal Police Operations Act,Abuse of authority law,1995,,2025
RUS,Russian Federation,Federal Banks and Banking Act ,Financial crime law,1990,,2025
RUS,Russian Federation,Constitution,General Corruption Law,1933,http://archive.government.ru/eng/gov/base/54.html,2022
RUS,Russian Federation,Criminal Code,General Corruption Law,1996,,2025
RUS,Russian Federation,Federal Anti-corruption Act,General Corruption Law,2008,,2025
RUS,Russian Federation,Federal Act on countering the legalization of the proceeds of crime,Money laundering law,2001,,2025
RUS,Russian Federation,Civil Code,Private Sector Law,1994,,2025
RUS,Russian Federation,Labour Code,Private Sector Law,2001,,2025
RUS,Russian Federation,"Federal Act on State protection of victims, witnesses or other parties to criminal proceedings",Whistleblowing law,2004,,2025
SAU,Saudi Arabia,Government Tenders and Procurement Law,Abuse of authority law,2006,https://laws.boe.gov.sa/BoeLaws/Laws/LawDetails/c2c05ee1-201a-48de-91e7-a9a700f2d14f/2,2019
SAU,Saudi Arabia,Regulations on Conflict of Interests in Applying the GTPL,Abuse of authority law,2020,https://laws.boe.gov.sa/BoeLaws/Laws/LawDetails/a64ba260-aa19-46f7-8b9f-acbb014c23b5/1,2020
SAU,Saudi Arabia,Anti-Bribery Law,Bribery law,1992,https://laws.boe.gov.sa/BoeLaws/Laws/LawDetails/75e963c8-9ff3-4d10-88a4-a9a700f17f21/2,2021
SAU,Saudi Arabia,Law of Combating Financial Fraud and Breach of Trust,Financial crime law,2021,https://laws.boe.gov.sa/boelaws/laws/lawdetails/905e11b3-4d66-496c-9c1b-ad240106367f/1,2021
SAU,Saudi Arabia,Nazaha Law,General Corruption Law,2024,https://nazaha.gov.sa/PageDetails/?q=LDviKvMJ845mJ/Ek54N1zA==,2024
SAU,Saudi Arabia,Criminal Procedures Law,General Corruption Law,2013,https://laws.boe.gov.sa/BoeLaws/Laws/LawDetails/8f1b7079-a5f0-425d-b5e0-a9a700f26b2d/2,2019
SAU,Saudi Arabia,Government  Tenders and Procurement Laws,General Corruption Law,2006,https://laws.boe.gov.sa/BoeLaws/Laws/LawDetails/c2c05ee1-201a-48de-91e7-a9a700f2d14f/2,2019
SAU,Saudi Arabia,Competition Law,General Corruption Law,2004,https://laws.boe.gov.sa/BoeLaws/Laws/LawDetails/6b615a05-f637-41cf-8419-a9a700f1afd7/2,2019
SAU,Saudi Arabia,Anti-Money Laundering Law,Money laundering law,2017,https://laws.boe.gov.sa/BoeLaws/Laws/LawDetails/4a8842df-9cd1-4ee7-bf97-a9a700f180d4/2,2022
SAU,Saudi Arabia,Protection of Whistleblowers,Whistleblowing law,2024,https://laws.boe.gov.sa/BoeLaws/Laws/LawDetails/6c421c5c-c137-442e-a854-b12200c46ffe/1,2024
SRB,Serbia,Criminal Procedure Code,Abuse of authority law,2011,https://pravno-informacioni-sistem.rs/eli/rep/sgrs/skupstina/zakon/2011/72/1/reg,2023
SRB,Serbia,Law on State Administration,Abuse of authority law,2005,https://pravno-informacioni-sistem.rs/eli/rep/sgrs/skupstina/zakon/2005/79/1/reg,2018
SRB,Serbia,Law on the Financing of Political Activities,Financial crime law,2022,https://pravno-informacioni-sistem.rs/eli/rep/sgrs/skupstina/zakon/2022/14/4/reg,2022
SRB,Serbia,Law on Amendments to Laws Determining Monetary Fines for Economic Offences and Misdemeanours,Financial crime law,2005,https://pravno-informacioni-sistem.rs/eli/rep/sgrs/skupstina/zakon/2005/101/5/reg,2005
SRB,Serbia,Law on Financing of Political Activities,Financial crime law,2022,https://pravno-informacioni-sistem.rs/eli/rep/sgrs/skupstina/zakon/2022/14/4/reg,2022
SRB,Serbia,Constitution,General Corruption Law,2006,https://pravno-informacioni-sistem.rs/eli/rep/sgrs/skupstina/ustav/2006/98/1/reg,2022
SRB,Serbia,Criminal Code,General Corruption Law,2005,https://pravno-informacioni-sistem.rs/eli/rep/sgrs/skupstina/zakon/2005/85/6/reg,2023
SRB,Serbia,Law on Prevention of Corruption ,General Corruption Law,2019,https://pravno-informacioni-sistem.rs/eli/rep/sgrs/skupstina/zakon/2019/35/3/reg,2022
SRB,Serbia,Law on the Anti-Corruption Agency,General Corruption Law,2008,https://pravno-informacioni-sistem.rs/eli/rep/sgrs/skupstina/zakon/2008/97/6/reg,2019
SRB,Serbia,Law on Prevention of Money Laundering and Financing of Terrorism,Money laundering law,2017,https://pravno-informacioni-sistem.rs/eli/rep/sgrs/skupstina/zakon/2017/113/11/reg,2021
SRB,Serbia,Public Procurement,Public financial management law,2019,https://pravno-informacioni-sistem.rs/eli/rep/sgrs/skupstina/zakon/2019/91/1/reg,2023
SRB,Serbia,Law on Lobbying,General Corruption Law,2018,https://pravno-informacioni-sistem.rs/eli/rep/sgrs/skupstina/zakon/2018/87/16/reg,2019
SRB,Serbia,Law on Free Access to Information of Public Importance,General Corruption Law,2004,https://pravno-informacioni-sistem.rs/eli/rep/sgrs/skupstina/zakon/2004/120/7/reg,2010
SRB,Serbia,Law on the State Audit Institution,General Corruption Law,2005,https://www.dri.rs/storage/upload/documents/Opsti_dokumenti/zakon_o_dri.pdf,2018
SRB,Serbia,Law on Protection of Whistleblowers,Whistleblowing law,2014,https://pravno-informacioni-sistem.rs/eli/rep/sgrs/skupstina/zakon/2014/128/1/reg,2014
SVK,Slovakia,Act on Judges and Lay Judges,Abuse of authority law,2000,https://www.slov-lex.sk/ezbierky/pravne-predpisy/SK/ZZ/2000/385,2025
SVK,Slovakia,Act on Courts,Abuse of authority law,2004,https://www.slov-lex.sk/ezbierky/pravne-predpisy/SK/ZZ/2004/757,2018
SVK,Slovakia,Act on the Constitutional Court,Abuse of authority law,2018,https://www.slov-lex.sk/ezbierky/pravne-predpisy/SK/ZZ/2018/314/20210801,2022
SVK,Slovakia,Conflict of Interest Act,Abuse of authority law,2004,https://www.slov-lex.sk/ezbierky/pravne-predpisy/SK/ZZ/2004/357/20200101,2020
SVK,Slovakia,Act on Prosecutors and Trainee Prosecutors,Financial crime law,2001,https://static.slov-lex.sk/static/SK/ZZ/2001/154/20241217.html,2024
SVK,Slovakia,Act on the Public Prosecution Service,Financial crime law,2001,https://static.slov-lex.sk/static/SK/ZZ/2001/153/20240320.html,2024
SVK,Slovakia,Accounting Act,Financial crime law,2002,https://static.slov-lex.sk/static/SK/ZZ/2002/431/20250601.html,2025
SVK,Slovakia,Act on the Conditions of Electoral Law,General Corruption Law,2014,https://www.slov-lex.sk/ezbierky/pravne-predpisy/SK/ZZ/2014/180,2024
SVK,Slovakia,Act on Proof of Origin of Property,General Corruption Law,2010,https://www.slov-lex.sk/ezbierky/pravne-predpisy/SK/ZZ/2010/101,2016
SVK,Slovakia,Criminal Code,General Corruption Law,2005,https://www.slov-lex.sk/ezbierky/pravne-predpisy/SK/ZZ/2005/300,2025
SVK,Slovakia,Criminal Procedure Code,General Corruption Law,2005,https://static.slov-lex.sk/static/SK/ZZ/2005/301/20240806.html,2024
SVK,Slovakia,Civil Procedure Code,General Corruption Law,2015,https://static.slov-lex.sk/static/SK/ZZ/2015/160/20210801.html,2024
SVK,Slovakia,Anti-Money-Laundering Act and Protection Against Terrorism Financing,Money laundering law,2008,https://static.slov-lex.sk/static/SK/ZZ/2008/297/20240320.html,2025
SVK,Slovakia,Civil Service Act,Private Sector Law,2017,https://www.slov-lex.sk/ezbierky/pravne-predpisy/SK/ZZ/2017/55,2025
SVK,Slovakia,Public Service Act,Private Sector Law,2003,https://www.slov-lex.sk/ezbierky/pravne-predpisy/SK/ZZ/2003/552,2019
SVK,Slovakia,Act on the Remuneration of Certain Workers Working in the Public Interest,Private Sector Law,2003,https://www.slov-lex.sk/ezbierky/pravne-predpisy/SK/ZZ/2003/553,2019
SVK,Slovakia,Public Procurement Act,Public financial management law,2015,https://static.slov-lex.sk/static/SK/ZZ/2015/343/20250201.htm,2025
SVK,Slovakia,Constitution,Public financial management law,1992,https://www.slov-lex.sk/ezbierky/pravne-predpisy/SK/ZZ/1992/460,2025
SVK,Slovakia,Election Campaign Act,Public financial management law,2014,https://www.slov-lex.sk/ezbierky/pravne-predpisy/SK/ZZ/2014/181,2022
SVK,Slovakia,Act on Political Parties and Movements,Public financial management law,2005,https://static.slov-lex.sk/static/SK/ZZ/2005/85/20230708.htm,2023
SVK,Slovakia,Freedom of Information Act,General Corruption Law,2000,https://www.slov-lex.sk/ezbierky/pravne-predpisy/SK/ZZ/2000/211,2016
SVK,Slovakia,Whistle-blower Protection Act,Whistleblowing law,2019,https://www.slov-lex.sk/ezbierky/pravne-predpisy/SK/ZZ/2019/54,2025
SVN,Slovenia,Act on the Confiscation of Illegally Originated Assets (ZOPNI),Financial crime law,2011,https://pisrs.si/pregledPredpisa?id=ZAKO6267,2025
SVN,Slovenia,Court of Audit Act,General Corruption Law,2001,https://pisrs.si/pregledPredpisa?id=ZAKO2550,2012
SVN,Slovenia,The Constitution,General Corruption Law,1991,https://pisrs.si/pregledPredpisa?id=USTA1,2021
SVN,Slovenia,Integrity and Prevention of Corruption Act,General Corruption Law,2010,https://pisrs.si/pregledPredpisa?id=ZAKO5523,2020
SVN,Slovenia,Civil Servants Act,General Corruption Law,2002,https://pisrs.si/pregledPredpisa?id=ZAKO3177,
SVN,Slovenia,Criminal Code,General Corruption Law,2008,https://pisrs.si/pregledPredpisa?id=ZAKO5050,2023
SVN,Slovenia,Criminal Procedure Act,General Corruption Law,1994,https://pisrs.si/pregledPredpisa?id=ZAKO362,2024
SVN,Slovenia,Act on the Prevention of Money Laundering and Terrorist Financing,Money laundering law,2022,https://pisrs.si/pregledPredpisa?id=ZAKO8547,2025
SVN,Slovenia,Political Parties Act (ZPolS),Political financing law,1994,https://pisrs.si/pregledPredpisa?id=ZAKO359,2023
SVN,Slovenia,Criminal Liability of Legal Persons Act (ZOPOKD),Private Sector Law,1999,https://pisrs.si/pregledPredpisa?id=ZAKO1259,2012
SVN,Slovenia,Public Procurement Act,Public financial management law,2015,https://pisrs.si/pregledPredpisa?id=ZAKO7086,2023
SVN,Slovenia,Slovenia Sovereign Holding Act,Public financial management law,2014,https://pisrs.si/pregledPredpisa?id=ZAKO6677,2022
SVN,Slovenia,Act on Access to Public Information (ZDIJZ),General Corruption Law,2003,https://pisrs.si/pregledPredpisa?id=ZAKO3336,2022
SVN,Slovenia,Whistleblower Protection Act (ZZPri),Whistleblowing law,2023,https://pisrs.si/pregledPredpisa?id=ZAKO8518,
ZAF,South Africa,Special Investigating Units and Special Tribunals Act,Abuse of authority law,1996,https://www.gov.za/documents/special-investigating-units-and-special-tribunals-act,1996
ZAF,South Africa,Executive Members' Ethics Act ,Abuse of authority law,1998,https://www.gov.za/documents/acts/executive-members-ethics-act-82-1998-28-oct-1998,1998
ZAF,South Africa,Public Protector Act,Abuse of authority law,1944,https://www.gov.za/documents/public-protector-act,1944
ZAF,South Africa,Promotion of Access to Information Act,Abuse of authority law,2000,https://www.gov.za/documents/promotion-access-information-act,2000
ZAF,South Africa,Local Government: Municipal Finance Management Act,Abuse of authority law,2003,https://www.gov.za/documents/local-government-municipal-finance-management-act-0,2003
ZAF,South Africa,South African Police Service Act ,Abuse of authority law,1995,https://www.gov.za/documents/south-african-police-service-act,1995
ZAF,South Africa,Public Administration Management Act,Abuse of authority law,2014,https://www.gov.za/documents/public-administration-management-act,2014
ZAF,South Africa,Public Audit Amendment Act,Bribery law,2018,https://www.agsa.co.za/Portals/0/Legislation/Public_Audit_Amendment_Act__No__5_of_2018.pdf?utm_source=chatgpt.com,2019
ZAF,South Africa,Prevention of Organized Crime Act  (POCA),General Corruption Law,1998,https://www.gov.za/documents/prevention-organised-crime-act,1998
ZAF,South Africa,Witness Protection Act (WPA),General Corruption Law,1998,https://www.gov.za/documents/witness-protection-act,1998
ZAF,South Africa,The criminal procedures act,General Corruption Law,1977,https://www.gov.za/documents/acts/criminal-procedure-amendment-act-16-2021-english-afrikaans-09-feb-2022,2021
ZAF,South Africa,The Companies Act,General Corruption Law,2008,https://www.gov.za/sites/default/files/gcis_document/201409/321214210.pdf,2017
ZAF,South Africa,National Prosecuting Authority Amendment Act 10,General Corruption Law,1998,https://www.gov.za/documents/acts/national-prosecuting-authority-amendment-act-10-2024-english-afrikaans-27-may-2024,2024
ZAF,South Africa,Public Procurement Act,General Corruption Law,2024,https://www.gov.za/documents/acts/public-procurement-act-28-2024-english-setswana-23-jul-2024,2024
ZAF,South Africa,Public Procurement Bill,General Corruption Law,2023,https://www.gov.za/documents/bills/public-procurement-bill-b18b-2023-08-dec-2023,2023
ZAF,South Africa,Prevention and Combating of Corrupt Activities Act,General Corruption Law,2004,https://www.gov.za/documents/prevention-and-combating-corrupt-activities-act-0,2004
ZAF,South Africa,Public Finance Management Act 1,General Corruption Law,1999,https://www.gov.za/documents/bills/public-finance-management-amendment-bill-01-mar-1999,2009
ZAF,South Africa,Financial Intelligence Centre Act,Money laundering law,2001,https://www.gov.za/documents/financial-intelligence-centre-act,2022
ZAF,South Africa,Anti-Money Laundering and Combating Terrorism Financing,Money laundering law,2022,https://www.gov.za/documents/acts/general-laws-anti-money-laundering-and-combating-terrorism-financing-amendment-act,2022
ZAF,South Africa,Political Party Funding Act,Money laundering law,2018,https://www.gov.za/documents/acts/political-party-funding-act-6-2018-english-setswana-23-jan-2019,2018
ESP,Spain,Contracts in the Public Sector,Abuse of authority law,2017,https://www.boe.es/buscar/doc.php?id=BOE-A-2017-12902,2025
ESP,Spain,Law on regulating the exercise of high office in the General State administration,Abuse of authority law,2015,https://www.boe.es/buscar/act.php?id=BOE-A-2015-3444,2015
ESP,Spain,Law on Incompatibilities of Public-Sector Personell,Abuse of authority law,1984,https://www.boe.es/buscar/act.php?id=BOE-A-1985-151,2007
ESP,Spain,Criminal Code,General Corruption Law,1995,https://www.boe.es/buscar/act.php?id=BOE-A-1995-25444,2023
ESP,Spain,Legal Regime og the Public Sector,General Corruption Law,2015,https://www.boe.es/buscar/doc.php?id=BOE-A-2015-10566,2024
ESP,Spain,Law in the Financing of Political Parties,General Corruption Law,2007,https://www.boe.es/buscar/act.php?id=BOE-A-2007-13022,2015
ESP,Spain,Court of Audit,General Corruption Law,1982,https://www.boe.es/buscar/act.php?id=BOE-A-1982-11584,2015
ESP,Spain,Law on the functioning of the Court of Audit,General Corruption Law,1988,https://www.boe.es/buscar/act.php?id=BOE-A-1988-8678,2014
ESP,Spain,Law on General Subsidies Law,General Corruption Law,2003,https://www.boe.es/buscar/act.php?id=BOE-A-2003-20977,2024
ESP,Spain,The Constitution,General Corruption Law,1978,https://www.boe.es/buscar/doc.php?id=BOE-A-1978-31229,2024
ESP,Spain,Criminal Procedure Code,General Corruption Law,1882,https://www.boe.es/buscar/act.php?id=BOE-A-1882-6036,2015
ESP,Spain,Prevention of Money Laundering and Terrorist Financing,Money laundering law,2010,https://www.boe.es/buscar/act.php?id=BOE-A-2010-6737,2025
ESP,Spain,Transparency and Access to Public Information,General Corruption Law,2013,https://www.boe.es/buscar/act.php?id=BOE-A-2013-12887,2022
ESP,Spain,Whistleblower protection law,Whistleblowing law,2023,https://www.boe.es/buscar/act.php?id=BOE-A-2023-4513,2023
SWE,Sweden,Administrative Procedure Act,Abuse of authority law,2017,https://www.riksdagen.se/sv/dokument-och-lagar/dokument/svensk-forfattningssamling/forvaltningslag-2017900_sfs-2017-900/,2025
SWE,Sweden,Public Employment Act,Abuse of authority law,1994,https://www.riksdagen.se/sv/dokument-och-lagar/dokument/svensk-forfattningssamling/lag-1994260-om-offentlig-anstallning_sfs-1994-260/,2023
SWE,Sweden,Penal Code,General Corruption Law,1962,https://www.riksdagen.se/sv/dokument-och-lagar/dokument/svensk-forfattningssamling/brottsbalk-1962700_sfs-1962-700/,2025
SWE,Sweden,Code of Judicial procedure,General Corruption Law,1942,https://www.riksdagen.se/sv/dokument-och-lagar/dokument/svensk-forfattningssamling/rattegangsbalk-1942740_sfs-1942-740/,2025
SWE,Sweden,Police Act,General Corruption Law,1984,https://www.riksdagen.se/sv/dokument-och-lagar/dokument/svensk-forfattningssamling/polislag-1984387_sfs-1984-387/,2023
SWE,Sweden,Act on Extradition for Criminal Offences,General Corruption Law,1957,https://www.riksdagen.se/sv/dokument-och-lagar/dokument/svensk-forfattningssamling/lag-1957668-om-utlamning-for-brott_sfs-1957-668/,2022
SWE,Sweden,Money Laundering Act,Money laundering law,2014,https://www.riksdagen.se/sv/dokument-och-lagar/dokument/svensk-forfattningssamling/lag-2014307-om-straff-for-penningtvattsbrott_sfs-2014-307/,2024
SWE,Sweden,Anti-Money Laundering and Counter-Terrorist Financing Act ,Money laundering law,2017,https://www.riksdagen.se/sv/dokument-och-lagar/dokument/svensk-forfattningssamling/lag-2017630-om-atgarder-mot-penningtvatt-och_sfs-2017-630/,2025
SWE,Sweden,Utilities Procurement Act,Private Sector Law,2016,https://www.riksdagen.se/sv/dokument-och-lagar/dokument/svensk-forfattningssamling/lag-20161146-om-upphandling-inom_sfs-2016-1146/,2025
SWE,Sweden,Defence and Security Procurement Act,Private Sector Law,2011,https://www.riksdagen.se/sv/dokument-och-lagar/dokument/svensk-forfattningssamling/lag-20111029-om-upphandling-pa-forsvars-och_sfs-2011-1029/,2025
SWE,Sweden,Act on Public Procurement of Concessions,Private Sector Law,2016,https://www.riksdagen.se/sv/dokument-och-lagar/dokument/svensk-forfattningssamling/lag-20161147-om-upphandling-av-koncessioner_sfs-2016-1147/,2025
SWE,Sweden,Public Procurement Act,Public financial management law,2016,https://www.riksdagen.se/sv/dokument-och-lagar/dokument/svensk-forfattningssamling/lag-20161145-om-offentlig-upphandling_sfs-2016-1145/,2025
SWE,Sweden,Freedom of the Press Act,Whistleblowing law,1949,https://www.riksdagen.se/sv/dokument-och-lagar/dokument/svensk-forfattningssamling/tryckfrihetsforordning-1949105_sfs-1949-105/,2020
SWE,Sweden,Public Access to Information and Secrecy Act,Whistleblowing law,2009,https://www.riksdagen.se/sv/dokument-och-lagar/dokument/svensk-forfattningssamling/offentlighets-och-sekretesslag-2009400_sfs-2009-400/,2025
SWE,Sweden,Whistleblower Protection Law,Whistleblowing law,2021,https://www.riksdagen.se/sv/dokument-och-lagar/dokument/svensk-forfattningssamling/lag-2021890-om-skydd-for-personer-som_sfs-2021-890/,2021
CHE,Switzerland,Federal Personnel Act,Abuse of authority law,2000,https://www.fedlex.admin.ch/eli/fga/2000/440/de,
CHE,Switzerland,"Federal Act on the Freezing and the Restitution of Illicit Assets held by Foreign Politically Exposed Persons (Foreign Illicit Assets Act, FIAA)",Financial crime law,2015,https://www.fedlex.admin.ch/eli/cc/2016/322/en,
CHE,Switzerland,Swiss Criminal Code,General Corruption Law,1937,https://www.fedlex.admin.ch/eli/cc/54/757_781_799/de,2011
CHE,Switzerland,Criminal Procedure Code,General Corruption Law,2007,https://www.fedlex.admin.ch/eli/cc/2010/267/en,
CHE,Switzerland,"Federal Act on Combating Money Laundering and Terrorist Financing (Anti-Money Laundering Act, AMLA)",Money laundering law,1998,https://www.fedlex.admin.ch/eli/cc/1998/892_892_892/en,2013
CHE,Switzerland,Federal Act on Unfair Competition,Private Sector Law,1986,https://www.fedlex.admin.ch/eli/cc/1988/223_223_223/en,2011
CHE,Switzerland,Federal Act on International Mutual Assistance in Criminal Matters,Public financial management law,1981,https://www.fedlex.admin.ch/eli/cc/1982/846_846_846/en,2020
CHE,Switzerland,Federal Act on Public Procurement,Public financial management law,2019,https://www.fedlex.admin.ch/eli/cc/2020/126/en,
CHE,Switzerland,Federal Act on Freedom of Information in the Administration,General Corruption Law,2004,https://www.fedlex.admin.ch/eli/cc/2006/355/en,
TUR,Türkiye,"Law No. 6085 ""Court of Accounts Law""",Abuse of authority law,2010,https://www.mevzuat.gov.tr/mevzuat?MevzuatNo=6085&MevzuatTur=1&MevzuatTertip=5,
TUR,Türkiye,"Law No. 5018 ""Public Financial Management and Control Law""",Abuse of authority law,2003,https://www.mevzuat.gov.tr/mevzuat?MevzuatNo=5018&MevzuatTur=1&MevzuatTertip=5,
TUR,Türkiye,Regulation on Ethical Principles of Conduct for Public Officials and Principles and Procedures of Their Application,Abuse of authority law,2005,https://www.mevzuat.gov.tr/mevzuat?MevzuatNo=8044&MevzuatTur=7&MevzuatTertip=5,
TUR,Türkiye,Regulation No. 90/748 on Declaration of Assets,Financial crime law,1990,https://www.mevzuat.gov.tr/mevzuat?MevzuatNo=90748&MevzuatTur=3&MevzuatTertip=5,
TUR,Türkiye,Law No. 5176 On the Establishment of Council of Ethics for Public Service and on Amendments to Specific Laws,General Corruption Law,2004,https://www.mevzuat.gov.tr/mevzuat?MevzuatNo=5176&MevzuatTur=1&MevzuatTertip=5,
TUR,Türkiye,Turkish Criminal Code ,General Corruption Law,2004,https://www.mevzuat.gov.tr/mevzuat?MevzuatNo=5237&MevzuatTur=1&MevzuatTertip=5,
TUR,Türkiye,Turkish Code of Criminal Procedure,General Corruption Law,2004,https://www.mevzuat.gov.tr/MevzuatMetin/1.5.5271.pdf,
TUR,Türkiye,Civil Service Law,General Corruption Law,1965,https://www.mevzuat.gov.tr/mevzuat?MevzuatNo=657&MevzuatTur=1&MevzuatTertip=5,
TUR,Türkiye,"Law No. 3628 ""Declaration of assets, anti-bribery and anti-corruption law""",General Corruption Law,1990,https://www.mevzuat.gov.tr/mevzuat?MevzuatNo=3628&MevzuatTur=1&MevzuatTertip=5,
TUR,Türkiye,ROM (Regulation on Measures Regarding Prevention of Laundering the Proceeds of Crime and Financing of Terrorism);,Money laundering law,2007,https://www.mevzuat.gov.tr/mevzuat?MevzuatNo=200713012&MevzuatTur=21&MevzuatTertip=5,
TUR,Türkiye," Law No. 5549 ""Prevention of Laundering Proceeds Of Crime Law""",Money laundering law,2006,https://www.mevzuat.gov.tr/mevzuat?MevzuatNo=5549&MevzuatTur=1&MevzuatTertip=5,
TUR,Türkiye,Law No. 2320 On Political Parties,Political financing law,1983,https://www.mevzuat.gov.tr/mevzuat?MevzuatNo=2820&MevzuatTur=1&MevzuatTertip=5,
TUR,Türkiye,"Law No. 4734 ""Public Procurement Law""",Public financial management law,2002,https://www.mevzuat.gov.tr/mevzuat?MevzuatNo=4734&MevzuatTur=1&MevzuatTertip=5,
TUR,Türkiye,"Law No. 4735 ""Public Procurement Contracts Law""",Public financial management law,2002,https://www.mevzuat.gov.tr/mevzuat?MevzuatNo=4735&MevzuatTur=1&MevzuatTertip=5,
TUR,Türkiye,Law No. 4982 On the Right to Information,General Corruption Law,2003,https://www.mevzuat.gov.tr/mevzuat?MevzuatNo=4982&MevzuatTur=1&MevzuatTertip=5,
UKR,Ukraine,the Constitution,General Corruption Law,1997,https://zakon.rada.gov.ua/laws/show/en/254%D0%BA/96-%D0%B2%D1%80#Text,2019
UKR,Ukraine,the Criminal Code of Ukraine,General Corruption Law,2001,https://zakon.rada.gov.ua/laws/show/en/2341-14#Text,2025
UKR,Ukraine,Criminal Procedure Code,General Corruption Law,2013,https://zakon.rada.gov.ua/laws/show/en/4651-17#Text,2017
UKR,Ukraine,Law On Prevention of Corruption,General Corruption Law,2014,https://zakon.rada.gov.ua/laws/show/en/1700-18#Text,2017
UKR,Ukraine,Code of Ukraine on Administrative Offences,General Corruption Law,1985,https://zakon.rada.gov.ua/laws/show/80731-10#Text,2025
UKR,Ukraine,"Law on On Prevention and Counteraction to Legalisation (Laundering) of Criminal Proceeds, Terrorist Financing and Financing of Proliferation of Weapons of Mass Destruction",Money laundering law,2020,https://zakon.rada.gov.ua/laws/show/en/361-20#Text,2020
UKR,Ukraine,Law on Public Procurement,Public financial management law,2016,https://zakon.rada.gov.ua/laws/show/en/922-19#Text,2021
UKR,Ukraine,Law On the National Anti-Corruption Bureau of Ukraine,General Corruption Law,2014,https://zakon.rada.gov.ua/laws/show/en/1698-18,
UKR,Ukraine,Law on Amendments to Certain Legislative Acts of Ukraine to Harmonize the National Legislation with the Standards of the Criminal Law Convention on Corruption,General Corruption Law,2013,https://zakon.rada.gov.ua/laws/show/en/221-18,2018
UKR,Ukraine,Law of Ukraine on the principles of state anti-corruption policy for 2021-2025,General Corruption Law,2021,https://zakon.rada.gov.ua/laws/show/2322-20#Text,
GBR,United Kingdom,Economic Crime and Corporate Transparency Act,Beneficial ownership,2023,https://www.legislation.gov.uk/ukpga/2023/56/contents,
GBR,United Kingdom,Theft Act,Financial crime law,1968,https://www.legislation.gov.uk/ukpga/1968/60/contents,
GBR,United Kingdom,Fraud Act,Financial crime law,2006,https://www.legislation.gov.uk/ukpga/2006/35/contents,
GBR,United Kingdom,Criminal Finances Act ,Financial crime law,2017,https://www.legislation.gov.uk/ukpga/2017/22/contents,
GBR,United Kingdom,Bribery Act ,General Corruption Law,2010,https://www.legislation.gov.uk/ukpga/2010/23/contents,
GBR,United Kingdom,Proceeds of Crime Act (POCA),Money laundering law,2002,https://www.legislation.gov.uk/ukpga/2002/29/contents,
GBR,United Kingdom,Sanctions and Anti-Money Laundering Act,Money laundering law,2018,https://www.legislation.gov.uk/ukpga/2018/13/contents,
GBR,United Kingdom,Serious Organised Crime and Police Act,Money laundering law,2005,https://www.legislation.gov.uk/ukpga/2005/15/contents,
GBR,United Kingdom,Companies Act,Private Sector Law,2006,https://www.legislation.gov.uk/ukpga/2006/46/contents,
GBR,United Kingdom,"Companies (Audit, Investigations and Community Enterprise) Act",Private Sector Law,2004,https://www.legislation.gov.uk/ukpga/2004/27/contents,
GBR,United Kingdom,Public Interest Disclosure Act ,Whistleblowing law,1998,https://www.legislation.gov.uk/ukpga/1998/23/contents,
USA,United States,Employee-Benefit Plan Bribery,Bribery law,1954,https://www.justice.gov/archives/jm/criminal-resource-manual-2422-bribery-and-graft-affecting-employee-benefit-plans-18-usc-1954,1994
USA,United States,Ethics in Government Act,General Corruption Law,1978,https://www.congress.gov/bill/95th-congress/senate-bill/555,2022
USA,United States,Inspectors General Act,General Corruption Law,1978,https://www.congress.gov/bill/95th-congress/house-bill/8588,2016
USA,United States,Freedom of Information Act,General Corruption Law,1966,https://www.congress.gov/114/plaws/publ185/PLAW-114publ185.pdf,2016
USA,United States,Foreign Corrupt Practices Act,General Corruption Law,1977,https://www.justice.gov/criminal/criminal-fraud/foreign-corrupt-practices-act,2025
USA,United States,Federal Bribery & Illegal Gratuities,General Corruption Law,1962,https://www.law.cornell.edu/uscode/text/18/201,1994
USA,United States,Theft or Bribery Concerning Programs Receiving Federal Funds,General Corruption Law,1984,https://www.justice.gov/archives/jm/criminal-resource-manual-1002-theft-and-bribery-federally-funded-programs,1994
USA,United States,Hobbs Act—Extortion (incl. “under color of official right”),General Corruption Law,1946,https://www.justice.gov/archives/jm/criminal-resource-manual-2404-hobbs-act-under-color-official-right,1994
USA,United States,Travel Act,General Corruption Law,1961,https://www.ojp.gov/ncjrs/virtual-library/abstracts/travel-act,1994
USA,United States,RICO,General Corruption Law,1970,https://www.justice.gov/archives/jm/criminal-resource-manual-109-rico-charges,2001
USA,United States,Bank Secrecy Act,Money laundering law,1970,https://www.fincen.gov/resources/statutes-and-regulations/bank-secrecy-act,2021
USA,United States,Money-Laundering (core criminal),Money laundering law,1986,https://www.govinfo.gov/content/pkg/USCODE-2024-title18/pdf/USCODE-2024-title18-partI-chap95-sec1956.pdf,2009
USA,United States,Anti-Money Laundering ,Money laundering law,1970,https://www.govinfo.gov/app/details/PLAW-116publ283,2020
USA,United States,Whistleblower Protection Act (WPA),Whistleblowing law,1989,https://www.congress.gov/crs-product/R48318,2012
USA,United States,Whistleblower Protection Enhancement Act,Whistleblowing law,2012,https://www.congress.gov/bill/112th-congress/senate-bill/743,2012
URY,Uruguay,Law on misuse of public power ,Abuse of authority law,1998,https://www.impo.com.uy/bases/leyes/17060-1998,2003
URY,Uruguay,Text-Ordered Accounting and Financial Administration ,Abuse of authority law,1996,https://www.impo.com.uy/bases/decretos/150-2012,2012
URY,Uruguay,Act on technical convergence in the area of international fiscal transparency,Beneficial ownership,2012,https://www.impo.com.uy/bases/leyes-originales/18930-2012/1,2017
URY,Uruguay,Decree law on the financial intermediation system,Financial crime law,1982,https://www.impo.com.uy/bases/decretos-ley/15322-1982,2012
URY,Uruguay,Criminal Code,General Corruption Law,1933,https://www.impo.com.uy/bases/codigo-penal/9155-1933,1998
URY,Uruguay,Criminal Porcedure Code,General Corruption Law,2015,https://www.impo.com.uy/bases/leyes-originales/19293-2014,2015
URY,Uruguay,Law for Strengthening the Prevention and Control of Money Laundering & Terrorist Financing,Money laundering law,2017,https://www.impo.com.uy/bases/leyes/19574-2017,2017
URY,Uruguay,Law Against the financing of terrorism,Money laundering law,2019,https://www.impo.com.uy/bases/leyes/19749-2019,2019
URY,Uruguay,Law Creating the JUTEP (Transparency & Ethics Public Board),Private Sector Law,2015,https://www.impo.com.uy/bases/leyes/19340-2015,2015
URY,Uruguay,Ethic code of the public function,Whistleblowing law,2019,https://www.impo.com.uy/bases/leyes/19823-2019,2019
URY,Uruguay,Law on Access to Public Information,Whistleblowing law,2008,https://www.impo.com.uy/bases/leyes/18381-2008,2010,