ISO3_Code,Country,Name of survey,Year,Link
ALB,Albania,Corruption Assessment Report Albania,2016,https://seldi.net/fileadmin/public/PDF/Publications/CAR_Albania_2016/Raporti_i_Vleresimit_te_Korrupsionit_2016.pdf
ALB,Albania,"Business, Corruption and Crime in Albania: The impact of bribery and other crime on private enterprise",2013,https://globalinitiative.net/wp-content/uploads/2017/12/UNODC-Business-corruption-and-Crime-in-Albania-2013-March-2014.pdf
ALB,Albania,Overview of Corruption and anti-Corruption,2011,https://www.u4.no/publications/albania-overview-of-corruption-and-anti-corruption.pdf
ALB,Albania,Corruption in Albania,2010,https://etico.iiep.unesco.org/sites/default/files/2017-09/PNADW315.pdf
ALB,Albania,Corruption in Albania,2009,https://www.ssrresourcecentre.org/cs2009/Corruption%20in%20Albania%202009%20-%20Summary%20of%20Findings.pdf
ALB,Albania,Sida Albania Anti-Corruption Study,2007,https://www.aidharmonisation.org.al/skedaret/1203101753-SIDA%20Albania%20Anti-Corruption%20Study%20-%20Revised.pdf
ARG,Argentina,GLOBAL CORRUPTION BAROMETER LATIN AMERICA & THE CARIBBEAN 2019: Citizen's Views and Experiences of Corruption,2019,https://files.transparencycdn.org/images/2019_GCB_LatinAmerica_Caribbean_Full_Report_200409_091428.pdf
ARG,Argentina,OECD Integrity review of Argentina,2019,https://www.oecd.org/content/dam/oecd/en/publications/reports/2019/03/oecd-integrity-review-of-argentina_g1g98ec3/g2g98ec3-en.pdf
ARG,Argentina,Consequences of Corruption at the Sector Level and Implications for Economic Growth and Development,2015,https://www.oecd.org/content/dam/oecd/en/publications/reports/2015/03/consequences-of-corruption-at-the-sector-level-and-implications-for-economic-growth-and-development_g1g51392/9789264230781-en.pdf
ARG,Argentina,Implementing the OECD Anti-Bribery Convention Phase 2,2010,https://www.oecd.org/content/dam/oecd/en/publications/reports/2010/09/implementing-the-oecd-anti-bribery-convention-phase-2-follow-up-report-argentina_2737f25f/78955d08-en.pdf
ARG,Argentina ,Latin America Anti corruption Assessment,2021-2022,https://www.vancecenter.org/wp-content/uploads/2022/03/Latin-America-Anti-corruption-Assessment-2021-2022.pdf
ARG,Argentina ,PEOPLE AND CORRUPTION: LATIN AMERICA AND THE CARIBBEAN,2017,https://files.transparencycdn.org/images/2017_GCB_AME_EN.pdf
ARM,Armenia,Corruption Survey of Households,2010,https://www.crrc.am/wp-content/uploads/2019/04/2010_Corruption_Household_Survey_Report_English.pdf
ARM,Armenia,Corruption Survey of Households and Enterprises,2009,https://crrc.am/wp-content/uploads/2019/04/2009-Armenia-Corruption-Survey-of-Households-and-Enterprises_Report_English.pdf
ARM,Armenia,Corruption Survey of Households,2008,https://www.crrc.am/wp-content/uploads/2019/04/2008_Corruption-Household-Survey-Report_English.pdf
AUS,Australia,Polling – Perceptions of corruption ,2023,https://australiainstitute.org.au/wp-content/uploads/2023/10/Polling-brief-Corruption-WEB.pdf
AUS,Australia,ICAC Public Integrity Survey,2021,https://www.icac.sa.gov.au/documents/publicintegritysurvey2021
AUS,Australia,ICAC Public Integrity Survey,2018,https://www.icac.sa.gov.au/__data/assets/pdf_file/0007/387808/ICAC_Public_Integrity_Survey_2018.pdf
AUT,Austria,Citizens' attitudes towards corruption,2025,https://www.kverulant.org/wp-content/uploads/2025/09/Citizens-attitudes-towards-corruption-in-the-EU-in-2025_SP561_report_en.pdf
AUT,Austria,Businesses’ Attitudes towards Corruption,2025,https://europa.eu/eurobarometer/api/deliverable/download/file?deliverableId=99716
AUT,Austria,Citizens' attitudes towards corruption,2024,https://europa.eu/eurobarometer/api/deliverable/download/file?deliverableId=91794
AUT,Austria,Businesses’ Attitudes towards Corruption,2024,https://europa.eu/eurobarometer/api/deliverable/download/file?deliverableId=91217
AUT,Austria,Citizens' attitudes towards corruption,2023,https://www.politico.eu/wp-content/uploads/2023/07/12/Citizens_attitudes_corruption_in_EU_2023_sp534_summary_en-2.pdf
AUT,Austria,Citizens' attitudes towards corruption,2022,https://www.stopcorrupt.lu/wp-content/uploads/2022/08/Corruption_ebs_523_report_en.pdf
AUT,Austria,Citizens' attitudes towards corruption,2020,https://europa.eu/eurobarometer/api/deliverable/download/file?deliverableId=72934
AUT,Austria,Businesses’ Attitudes towards Corruption,2019,https://europa.eu/eurobarometer/api/deliverable/download/file?deliverableId=71823
AUT,Austria,Citizens' attitudes towards corruption,2017,https://www.kpk-rs.si/storage/uploads/c03f5472-029f-4852-9d84-507d7141ad9b/2017_Eurobarometer-on-corruption_ebs_470_en.pdf
AUT,Austria,Businesses’ Attitudes towards Corruption,2017,https://europa.eu/eurobarometer/api/deliverable/download/file?deliverableId=63941
AUT,Austria,Businesses’ Attitudes towards Corruption,2015,https://europa.eu/eurobarometer/api/deliverable/download/file?deliverableId=52612
AUT,Austria,Citizens' attitudes towards corruption,2013,https://www.kpk-rs.si/storage/uploads/0832fc02-01bb-4cf3-90ee-85e3c0dea14f/ebs_397_en_Corruption.pdf
AUT,Austria,Businesses’ Attitudes towards Corruption,2013,https://europa.eu/eurobarometer/api/deliverable/download/file?deliverableId=43896
AUT,Austria,Businesses’ Attitudes towards Corruption,2011,https://www.kpk-rs.si/storage/uploads/e5b7f01f-f505-4782-81f4-25ff77cd8ae4/Eurobarometer_ebs_374_en.pdf
AUT,Austria,Businesses’ Attitudes towards Corruption,2008,https://parlament.mt/media/60626/0963.pdf?utm.pdf
BGD,Bangladesh,Corruption in Service Sectors: National Household Survey 2023,2023,https://www.ti-bangladesh.org/images/2023/report/nhs/NHS-2023-Executive-Summary-En.pdf?v=1.3
BGD,Bangladesh,Corruption in Service Sectors: National Household Survey 2021,2021,https://www.ti-bangladesh.org/images/2021/report/nhs/NHS-2021-Extended-Executive-Summary-En.pdf
BGD,Bangladesh,Corruption in Service Sectors: National household Survey 2017,2017,https://www.ti-bangladesh.org/images/2018/report/nhs/NHS_2017_Ex_Sum_EN.pdf
BGD,Bangladesh,Corruption in Service Sectors: National Household Survey 2012,2012,https://ti-bangladesh.org/images/max_file/HHSurvey-ExecSum-Eng-fin.pdf
BGD,Bangladesh,National Household Survey 2007 on Corruption in Bangladesh,2007,https://www.ti-bangladesh.org/images/research/NHS-2007/Full-report-en-NHS-2007.pdf
BEL,Belgium,Citizens' attitudes towards corruption,2025,https://www.kverulant.org/wp-content/uploads/2025/09/Citizens-attitudes-towards-corruption-in-the-EU-in-2025_SP561_report_en.pdf
BEL,Belgium,Businesses’ Attitudes towards Corruption,2025,https://europa.eu/eurobarometer/api/deliverable/download/file?deliverableId=99717
BEL,Belgium,Citizens' attitudes towards corruption,2024,https://europa.eu/eurobarometer/api/deliverable/download/file?deliverableId=91795
BEL,Belgium,Businesses’ Attitudes towards Corruption,2024,https://europa.eu/eurobarometer/api/deliverable/download/file?deliverableId=91218
BEL,Belgium,Citizens' attitudes towards corruption,2023,https://www.politico.eu/wp-content/uploads/2023/07/12/Citizens_attitudes_corruption_in_EU_2023_sp534_summary_en-2.pdf
BEL,Belgium,Businesses’ Attitudes towards Corruption,2023,https://europa.eu/eurobarometer/api/deliverable/download/file?deliverableId=87725
BEL,Belgium,Citizens' attitudes towards corruption,2022,https://www.stopcorrupt.lu/wp-content/uploads/2022/08/Corruption_ebs_523_report_en.pdf
BEL,Belgium,Citizens' attitudes towards corruption,2020,https://europa.eu/eurobarometer/api/deliverable/download/file?deliverableId=72935
BEL,Belgium,Businesses’ Attitudes towards Corruption,2019,https://europa.eu/eurobarometer/api/deliverable/download/file?deliverableId=71824
BEL,Belgium,Citizens' attitudes towards corruption,2017,https://www.kpk-rs.si/storage/uploads/c03f5472-029f-4852-9d84-507d7141ad9b/2017_Eurobarometer-on-corruption_ebs_470_en.pdf
BEL,Belgium,Businesses’ Attitudes towards Corruption,2017,https://europa.eu/eurobarometer/api/deliverable/download/file?deliverableId=63942
BEL,Belgium,Businesses’ Attitudes towards Corruption,2015,https://europa.eu/eurobarometer/api/deliverable/download/file?deliverableId=52613
BEL,Belgium,Citizens' attitudes towards corruption,2013,https://www.kpk-rs.si/storage/uploads/0832fc02-01bb-4cf3-90ee-85e3c0dea14f/ebs_397_en_Corruption.pdf
BEL,Belgium,Businesses’ Attitudes towards Corruption,2013,https://europa.eu/eurobarometer/api/deliverable/download/file?deliverableId=43897
BEL,Belgium,Businesses’ Attitudes towards Corruption,2011,https://www.kpk-rs.si/storage/uploads/e5b7f01f-f505-4782-81f4-25ff77cd8ae4/Eurobarometer_ebs_374_en.pdf
BEL,Belgium,Businesses’ Attitudes towards Corruption,2008,https://parlament.mt/media/60626/0963.pdf?utm.pdf
BWA,Botswana,Overview of Corruption and Anti-Corruption in Botswana,2014,https://knowledgehub.transparency.org/assets/uploads/helpdesk/Country_Profile_Botswana_2014.pdf
BRA,Brazil,Corruption and Integrity in the Brazilian Market: The Perception of Compliance Professionals,2024,https://comunidade.transparenciainternacional.org.br/corrupcao-integridade-mercado-brasileiro
BRA,Brazil,GLOBAL CORRUPTION BAROMETER LATIN AMERICA & THE CARIBBEAN 2019: Citizen's Views and Experiences of Corruption,2019,https://files.transparencycdn.org/images/2019_GCB_LatinAmerica_Caribbean_Full_Report_200409_091428.pdf
BRA,Brazil,PEOPLE AND CORRUPTION: LATIN AMERICA AND THE CARIBBEAN,2017,https://files.transparencycdn.org/images/2017_GCB_AME_EN.pdf
BRA,Brazil,Corruption in Brazil: The perspective of the private sector,2002,https://www.cge.pr.gov.br/sites/default/arquivos_restritos/files/migrados/File/Transparencia_e_Acesso_a_Informacao/corrupbrasil.pdf
BGR,Bulgaria,Citizens' attitudes towards corruption,2025,https://www.kverulant.org/wp-content/uploads/2025/09/Citizens-attitudes-towards-corruption-in-the-EU-in-2025_SP561_report_en.pdf
BGR,Bulgaria,Businesses’ Attitudes towards Corruption,2025,https://europa.eu/eurobarometer/api/deliverable/download/file?deliverableId=99718
BGR,Bulgaria,Public attitudes towards corruption in Bulgaria and the anti-corruption actions of the Bulgarian Government: Results of a public perceptions survey 2024,2024,https://baselgovernance.org/sites/default/files/2024-09/240923%20Bulgaria%20public%20perceptions%20report%20FINAL.pdf
BGR,Bulgaria,Citizens' attitudes towards corruption,2024,https://europa.eu/eurobarometer/api/deliverable/download/file?deliverableId=91796
BGR,Bulgaria,Businesses’ Attitudes towards Corruption,2024,https://europa.eu/eurobarometer/api/deliverable/download/file?deliverableId=91219
BGR,Bulgaria,"Perceptions of corruption and anticorruption efforts in Bulgaria: Results of a national survey 2023",2023,https://baselgovernance.org/sites/default/files/2023-05/230525%20Bulgaria%20corruption%20perceptions%20survey-FINAL.pdf
BGR,Bulgaria,Citizens' attitudes towards corruption,2023,https://www.politico.eu/wp-content/uploads/2023/07/12/Citizens_attitudes_corruption_in_EU_2023_sp534_summary_en-2.pdf
BGR,Bulgaria,Businesses’ Attitudes towards Corruption,2023,https://europa.eu/eurobarometer/api/deliverable/download/file?deliverableId=87726
BGR,Bulgaria,Citizens' attitudes towards corruption,2022,https://www.stopcorrupt.lu/wp-content/uploads/2022/08/Corruption_ebs_523_report_en.pdf
BGR,Bulgaria,Citizens' attitudes towards corruption,2020,https://europa.eu/eurobarometer/api/deliverable/download/file?deliverableId=72936
BGR,Bulgaria,Businesses’ Attitudes towards Corruption,2019,https://europa.eu/eurobarometer/api/deliverable/download/file?deliverableId=71825
BGR,Bulgaria,Citizens' attitudes towards corruption,2017,https://www.kpk-rs.si/storage/uploads/c03f5472-029f-4852-9d84-507d7141ad9b/2017_Eurobarometer-on-corruption_ebs_470_en.pdf
BGR,Bulgaria,Businesses’ Attitudes towards Corruption,2017,https://europa.eu/eurobarometer/api/deliverable/download/file?deliverableId=63943
BGR,Bulgaria,Businesses’ Attitudes towards Corruption,2015,https://europa.eu/eurobarometer/api/deliverable/download/file?deliverableId=52614
BGR,Bulgaria,Citizens' attitudes towards corruption,2013,https://www.kpk-rs.si/storage/uploads/0832fc02-01bb-4cf3-90ee-85e3c0dea14f/ebs_397_en_Corruption.pdf
BGR,Bulgaria,Businesses’ Attitudes towards Corruption,2013,https://europa.eu/eurobarometer/api/deliverable/download/file?deliverableId=43898
BGR,Bulgaria,Businesses’ Attitudes towards Corruption,2011,https://www.kpk-rs.si/storage/uploads/e5b7f01f-f505-4782-81f4-25ff77cd8ae4/Eurobarometer_ebs_374_en.pdf
BGR,Bulgaria,Businesses’ Attitudes towards Corruption,2008,https://parlament.mt/media/60626/0963.pdf?utm.pdf
BGR,Bulgaria,Corruption Assessment Report,2003,https://www.files.ethz.ch/isn/28958/11.pdf
CAN,Canada,Political and Business corruption,2024,https://angusreid.org/wp-content/uploads/2024/11/2024.11.27_Corruption.pdf
CAN,Canada,"Perceptions and Knowledge of Money Laundering, Corruption and Fraud",2023,https://publications.gc.ca/collections/collection_2023/sp-ps/PS18-77-2023-1-eng.pdf
CHL,Chile,Latin America Anti corruption Assessment,2021-2022,https://www.vancecenter.org/wp-content/uploads/2022/03/Latin-America-Anti-corruption-Assessment-2021-2022.pdf
CHL,Chile,(ENCUESTA DE CORRUPCIÓN LYD 2024) LYD 2024 Corruption Survey,2024,https://lyd.org/wp-content/uploads/2024/12/SIP-197-Encuesta-de-corrupcion-LYD-2024-diciembre24.pdf
CHL,Chile,ENCUESTA CORRUPCIÓN 2023: EL RETORNO DEL FENÓMENO A PARTIR DEL CASO CONVENIOS (2023 CORRUPTION SURVEY: THE RETURN OF THE PHENOMENON AFTER THE CONVENIOS CASE),2023,https://lyd.org/wp-content/uploads/2023/12/SIP-189-Encuesta-corrupcion-2023-noviembre23.pdf
CHL,Chile,Minuta Estudio Nacional Percepción de Corrupción (Minute of the National Study on Perception of Corruption),2019,https://www.consejotransparencia.cl/wp-content/uploads/2020/02/Minuta-NT2019_Percepci%C3%B3n-de-corrupci%C3%B3n.pdf
CHL,Chile,GLOBAL CORRUPTION BAROMETER LATIN AMERICA & THE CARIBBEAN 2019: Citizen's Views and Experiences of Corruption,2019,https://files.transparencycdn.org/images/2019_GCB_LatinAmerica_Caribbean_Full_Report_200409_091428.pdf
CHL,Chile,Chile Phase 4 report,2018,https://www.oecd.org/content/dam/oecd/en/publications/reports/2018/12/implementing-the-oecd-anti-bribery-convention-phase-4-report-chile_7fd6dec0/67ad20d8-en.pdf
CHL,Chile,PEOPLE AND CORRUPTION: LATIN AMERICA AND THE CARIBBEAN,2017,https://files.transparencycdn.org/images/2017_GCB_AME_EN.pdf
CHL,Chile,Follow Up to the Phase 3 reports and Recommendations,2016,https://www.oecd.org/content/dam/oecd/en/publications/reports/2016/05/implementing-the-oecd-anti-bribery-convention-phase-3-follow-up-report-chile_6a584403/8c893359-en.pdf
CHL,Chile,Phase 3 reports on Implementing the OECD anti-bribery convention in Chile,2014,https://www.oecd.org/content/dam/oecd/en/publications/reports/2014/08/implementing-the-oecd-anti-bribery-convention-phase-3-report-chile_80514c84/1db828bf-en.pdf
CHL,Chile,Chile phase 2,2009,https://www.oecd.org/content/dam/oecd/en/publications/reports/2009/01/implementing-the-oecd-anti-bribery-convention-phase-2-follow-up-report-chile_8c67462c/4b1f734d-en.pdf
CHN,China,Overview of Corruption and Anti-Corruption,2018,"https://knowledgehub.transparency.org/assets/uploads/helpdesk/Country-profile-China-2018.pdf#:~:text=According%20to%20a%20survey%20conducted%20by%20Charney,inefficient%20government%20bureaucracy%2C%20inflation%20and%20policy%20instability."
COL,Colombia,Survey to Identify Corruption Gaps and Improvements in the Transparency of Procurement Processes ,2022,https://cipeafrica.org/wp-content/uploads/2023/11/Integrated_Results_Surveys_Colombia_Ecuador_Peru.pdf
COL,Colombia,Corruption in Colombia: A Comprehensive Analysis,2022,https://repositorio.banrep.gov.co/server/api/core/bitstreams/597e9140-4957-4289-9d22-19ba6d3f2b14/content
COL,Colombia,GLOBAL CORRUPTION BAROMETER LATIN AMERICA & THE CARIBBEAN 2019: Citizen's Views and Experiences of Corruption,2019,https://files.transparencycdn.org/images/2019_GCB_LatinAmerica_Caribbean_Full_Report_200409_091428.pdf
COL,Colombia ,Latin America Anti corruption Assessment,2021-2022,https://www.vancecenter.org/wp-content/uploads/2022/03/Latin-America-Anti-corruption-Assessment-2021-2022.pdf
COL,Colombia ,PEOPLE AND CORRUPTION: LATIN AMERICA AND THE CARIBBEAN,2017,https://files.transparencycdn.org/images/2017_GCB_AME_EN.pdf
HRV,Croatia,Citizens' attitudes towards corruption,2025,https://www.kverulant.org/wp-content/uploads/2025/09/Citizens-attitudes-towards-corruption-in-the-EU-in-2025_SP561_report_en.pdf
HRV,Croatia,Businesses’ Attitudes towards Corruption,2025,https://europa.eu/eurobarometer/api/deliverable/download/file?deliverableId=99719
HRV,Croatia,OECD Anti-Bribery Convention Phase 2 Report on Croatia,2024,https://www.oecd.org/content/dam/oecd/en/publications/reports/2024/12/oecd-anti-bribery-convention-phase-2-report-on-croatia_e5985bb9/675b0561-en.pdf
HRV,Croatia,Citizens' attitudes towards corruption,2024,https://europa.eu/eurobarometer/api/deliverable/download/file?deliverableId=91797
HRV,Croatia,Businesses’ Attitudes towards Corruption,2024,https://europa.eu/eurobarometer/api/deliverable/download/file?deliverableId=91220
HRV,Croatia,Citizens' attitudes towards corruption,2023,https://www.politico.eu/wp-content/uploads/2023/07/12/Citizens_attitudes_corruption_in_EU_2023_sp534_summary_en-2.pdf
HRV,Croatia,Businesses’ Attitudes towards Corruption,2023,https://europa.eu/eurobarometer/api/deliverable/download/file?deliverableId=87727
HRV,Croatia,Citizens' attitudes towards corruption,2022,https://www.stopcorrupt.lu/wp-content/uploads/2022/08/Corruption_ebs_523_report_en.pdf
HRV,Croatia,Citizens' attitudes towards corruption,2020,https://europa.eu/eurobarometer/api/deliverable/download/file?deliverableId=72937
HRV,Croatia,SURVEY ON THE STATE OF THE FIGHT AGAINST CORRUPTION,2019,https://transparency.hr/upload_data/site_files/tih-survey-on-the-state-of-the-fight-against-corruption.pdf
HRV,Croatia,Businesses’ Attitudes towards Corruption,2019,https://europa.eu/eurobarometer/api/deliverable/download/file?deliverableId=71826
HRV,Croatia,Citizens' attitudes towards corruption,2017,https://www.kpk-rs.si/storage/uploads/c03f5472-029f-4852-9d84-507d7141ad9b/2017_Eurobarometer-on-corruption_ebs_470_en.pdf
HRV,Croatia,Businesses’ Attitudes towards Corruption,2017,https://europa.eu/eurobarometer/api/deliverable/download/file?deliverableId=63944
HRV,Croatia,Businesses’ Attitudes towards Corruption,2015,https://europa.eu/eurobarometer/api/deliverable/download/file?deliverableId=52615
HRV,Croatia,"Business, Corruption and Crime in Croatia: The impact of bribery and other crime on private enterprises",2013,https://www.unodc.org/documents/data-and-analysis/statistics/corruption/Croatia_Business_corruption_report.pdf
HRV,Croatia,Citizens' attitudes towards corruption,2013,https://www.kpk-rs.si/storage/uploads/0832fc02-01bb-4cf3-90ee-85e3c0dea14f/ebs_397_en_Corruption.pdf
HRV,Croatia,Businesses’ Attitudes towards Corruption,2013,https://europa.eu/eurobarometer/api/deliverable/download/file?deliverableId=43899
HRV,Croatia,Corruption Survey in Croatia: Survey Confidentiality and Trust in Institutions ,2012,https://www.eizg.hr/UserDocsImages/publikacije/serijske-publikacije/radni-materijali/Corruption_Survey_in_Croatia-Survey_Confidentiality_and_Trust_in_Institutions.pdf?vel=174870
HRV,Croatia,Corruption in Croatia: Bribery As Experienced by the Population,2011,https://www.unodc.org/documents/data-and-analysis/statistics/corruption/Croatia_corruption_report_web_version.pdf
HRV,Croatia,Businesses’ Attitudes towards Corruption,2011,https://www.kpk-rs.si/storage/uploads/e5b7f01f-f505-4782-81f4-25ff77cd8ae4/Eurobarometer_ebs_374_en.pdf
HRV,Croatia,Report on the Work of the National Council For Monitoring Anti-Corruption Strategy Implementation,2008,https://www.sabor.hr/sites/default/files/uploads/outdex-documents/2018-12/IZVJESCE_O_RADU_KORUPCIJA_ENG.pdf
HRV,Croatia,Businesses’ Attitudes towards Corruption,2008,https://parlament.mt/media/60626/0963.pdf?utm.pdf
CYP,Cyprus,Citizens' attitudes towards corruption,2025,https://www.kverulant.org/wp-content/uploads/2025/09/Citizens-attitudes-towards-corruption-in-the-EU-in-2025_SP561_report_en.pdf
CYP,Cyprus,Businesses’ Attitudes towards Corruption,2025,https://europa.eu/eurobarometer/api/deliverable/download/file?deliverableId=99720
CYP,Cyprus,Corruption Perceptions in North Cyprus: 2024 Factsheet,2024,https://library.fes.de/pdf-files/bueros/zypern/22007.pdf
CYP,Cyprus,Citizens' attitudes towards corruption,2024,https://europa.eu/eurobarometer/api/deliverable/download/file?deliverableId=91798
CYP,Cyprus,Businesses’ Attitudes towards Corruption,2024,https://europa.eu/eurobarometer/api/deliverable/download/file?deliverableId=91221
CYP,Cyprus,Citizens' attitudes towards corruption,2023,https://www.politico.eu/wp-content/uploads/2023/07/12/Citizens_attitudes_corruption_in_EU_2023_sp534_summary_en-2.pdf
CYP,Cyprus,Businesses’ Attitudes towards Corruption,2023,https://europa.eu/eurobarometer/api/deliverable/download/file?deliverableId=87728
CYP,Cyprus,Corruption Perceptions in North Cyprus - 2022 Report,2022,https://library.fes.de/pdf-files/bueros/zypern/20360.pdf
CYP,Cyprus,Citizens' attitudes towards corruption,2022,https://www.stopcorrupt.lu/wp-content/uploads/2022/08/Corruption_ebs_523_report_en.pdf
CYP,Cyprus,Citizens' attitudes towards corruption,2020,https://europa.eu/eurobarometer/api/deliverable/download/file?deliverableId=72938
CYP,Cyprus,Corruption Perceptions in North Cyprus,2019,https://library.fes.de/pdf-files/bueros/zypern/17405.pdf
CYP,Cyprus,Businesses’ Attitudes towards Corruption,2019,https://europa.eu/eurobarometer/api/deliverable/download/file?deliverableId=71827
CYP,Cyprus,Citizens' attitudes towards corruption,2017,https://www.kpk-rs.si/storage/uploads/c03f5472-029f-4852-9d84-507d7141ad9b/2017_Eurobarometer-on-corruption_ebs_470_en.pdf
CYP,Cyprus,Businesses’ Attitudes towards Corruption,2017,https://europa.eu/eurobarometer/api/deliverable/download/file?deliverableId=63945
CYP,Cyprus,Businesses’ Attitudes towards Corruption,2015,https://europa.eu/eurobarometer/api/deliverable/download/file?deliverableId=52616
CYP,Cyprus,Citizens' attitudes towards corruption,2013,https://www.kpk-rs.si/storage/uploads/0832fc02-01bb-4cf3-90ee-85e3c0dea14f/ebs_397_en_Corruption.pdf
CYP,Cyprus,Businesses’ Attitudes towards Corruption,2013,https://europa.eu/eurobarometer/api/deliverable/download/file?deliverableId=43900
CYP,Cyprus,Businesses’ Attitudes towards Corruption,2011,https://www.kpk-rs.si/storage/uploads/e5b7f01f-f505-4782-81f4-25ff77cd8ae4/Eurobarometer_ebs_374_en.pdf
CYP,Cyprus,Businesses’ Attitudes towards Corruption,2008,https://parlament.mt/media/60626/0963.pdf?utm.pdf
CZE,Czechia,Citizens' attitudes towards corruption,2025,https://www.kverulant.org/wp-content/uploads/2025/09/Citizens-attitudes-towards-corruption-in-the-EU-in-2025_SP561_report_en.pdf
CZE,Czechia,Businesses’ Attitudes towards Corruption,2025,https://europa.eu/eurobarometer/api/deliverable/download/file?deliverableId=99721
CZE,Czechia,Citizens' attitudes towards corruption,2024,https://europa.eu/eurobarometer/api/deliverable/download/file?deliverableId=91799
CZE,Czechia,Businesses’ Attitudes towards Corruption,2024,https://europa.eu/eurobarometer/api/deliverable/download/file?deliverableId=91222
CZE,Czechia,Citizens' attitudes towards corruption,2023,https://www.politico.eu/wp-content/uploads/2023/07/12/Citizens_attitudes_corruption_in_EU_2023_sp534_summary_en-2.pdf
CZE,Czechia,Businesses’ Attitudes towards Corruption,2023,https://europa.eu/eurobarometer/api/deliverable/download/file?deliverableId=87729
CZE,Czechia,Citizens' attitudes towards corruption,2022,https://www.stopcorrupt.lu/wp-content/uploads/2022/08/Corruption_ebs_523_report_en.pdf
CZE,Czechia,Citizens' attitudes towards corruption,2020,https://europa.eu/eurobarometer/api/deliverable/download/file?deliverableId=72939
CZE,Czechia,Businesses’ Attitudes towards Corruption,2019,https://europa.eu/eurobarometer/api/deliverable/download/file?deliverableId=71828
CZE,Czechia,Citizens' attitudes towards corruption,2017,https://www.kpk-rs.si/storage/uploads/c03f5472-029f-4852-9d84-507d7141ad9b/2017_Eurobarometer-on-corruption_ebs_470_en.pdf
CZE,Czechia,Businesses’ Attitudes towards Corruption,2017,https://europa.eu/eurobarometer/api/deliverable/download/file?deliverableId=63946
CZE,Czechia,Businesses’ Attitudes towards Corruption,2015,https://europa.eu/eurobarometer/api/deliverable/download/file?deliverableId=52617
CZE,Czechia,Citizens' attitudes towards corruption,2013,https://www.kpk-rs.si/storage/uploads/0832fc02-01bb-4cf3-90ee-85e3c0dea14f/ebs_397_en_Corruption.pdf
CZE,Czechia,Businesses’ Attitudes towards Corruption,2013,https://europa.eu/eurobarometer/api/deliverable/download/file?deliverableId=43901
CZE,Czechia,Businesses’ Attitudes towards Corruption,2011,https://www.kpk-rs.si/storage/uploads/e5b7f01f-f505-4782-81f4-25ff77cd8ae4/Eurobarometer_ebs_374_en.pdf
CZE,Czechia,Businesses’ Attitudes towards Corruption,2008,https://parlament.mt/media/60626/0963.pdf?utm.pdf
DNK,Denmark,Citizens' attitudes towards corruption,2025,https://www.kverulant.org/wp-content/uploads/2025/09/Citizens-attitudes-towards-corruption-in-the-EU-in-2025_SP561_report_en.pdf
DNK,Denmark,Businesses’ Attitudes towards Corruption,2025,https://europa.eu/eurobarometer/api/deliverable/download/file?deliverableId=99722
DNK,Denmark,Citizens' attitudes towards corruption,2024,https://europa.eu/eurobarometer/api/deliverable/download/file?deliverableId=91800
DNK,Denmark,Businesses’ Attitudes towards Corruption,2024,https://europa.eu/eurobarometer/api/deliverable/download/file?deliverableId=91223
DNK,Denmark,Citizens' attitudes towards corruption,2023,https://www.politico.eu/wp-content/uploads/2023/07/12/Citizens_attitudes_corruption_in_EU_2023_sp534_summary_en-2.pdf
DNK,Denmark,Businesses’ Attitudes towards Corruption,2023,https://europa.eu/eurobarometer/api/deliverable/download/file?deliverableId=87730
DNK,Denmark,Citizens' attitudes towards corruption,2022,https://www.stopcorrupt.lu/wp-content/uploads/2022/08/Corruption_ebs_523_report_en.pdf
DNK,Denmark,Citizens' attitudes towards corruption,2020,https://europa.eu/eurobarometer/api/deliverable/download/file?deliverableId=72940
DNK,Denmark,Businesses’ Attitudes towards Corruption,2019,https://europa.eu/eurobarometer/api/deliverable/download/file?deliverableId=71829
DNK,Denmark,Citizens' attitudes towards corruption,2017,https://www.kpk-rs.si/storage/uploads/c03f5472-029f-4852-9d84-507d7141ad9b/2017_Eurobarometer-on-corruption_ebs_470_en.pdf
DNK,Denmark,Citizens' attitudes towards corruption,2017,https://www.kpk-rs.si/storage/uploads/c03f5472-029f-4852-9d84-507d7141ad9b/2017_Eurobarometer-on-corruption_ebs_470_en.pdf
DNK,Denmark,Citizens' attitudes towards corruption,2017,https://www.kpk-rs.si/storage/uploads/c03f5472-029f-4852-9d84-507d7141ad9b/2017_Eurobarometer-on-corruption_ebs_470_en.pdf
DNK,Denmark,Businesses’ Attitudes towards Corruption,2017,https://europa.eu/eurobarometer/api/deliverable/download/file?deliverableId=63947
DNK,Denmark,Businesses’ Attitudes towards Corruption,2015,https://europa.eu/eurobarometer/api/deliverable/download/file?deliverableId=52618
DNK,Denmark,Citizens' attitudes towards corruption,2013,https://www.kpk-rs.si/storage/uploads/0832fc02-01bb-4cf3-90ee-85e3c0dea14f/ebs_397_en_Corruption.pdf
DNK,Denmark,Businesses’ Attitudes towards Corruption,2013,https://europa.eu/eurobarometer/api/deliverable/download/file?deliverableId=43902
DNK,Denmark,Businesses’ Attitudes towards Corruption,2011,https://www.kpk-rs.si/storage/uploads/e5b7f01f-f505-4782-81f4-25ff77cd8ae4/Eurobarometer_ebs_374_en.pdf
DNK,Denmark,Businesses’ Attitudes towards Corruption,2008,https://parlament.mt/media/60626/0963.pdf?utm.pdf
DOM,Dominican Republic,GLOBAL CORRUPTION BAROMETER LATIN AMERICA & THE CARIBBEAN 2019: Citizen's Views and Experiences of Corruption,2019,https://files.transparencycdn.org/images/2019_GCB_LatinAmerica_Caribbean_Full_Report_200409_091428.pdf
DOM,Dominican Republic,A Collective Action Approach Against Corruption: The Case of Dominican Republic,2015,https://openknowledge.worldbank.org/server/api/core/bitstreams/d64edcb2-d8f4-5360-9412-b9e60943db37/content
DOM,Dominican Republic ,Latin America Anti corruption Assessment,2021-2022,https://www.vancecenter.org/wp-content/uploads/2022/03/Latin-America-Anti-corruption-Assessment-2021-2022.pdf
DOM,Dominican Republic ,PEOPLE AND CORRUPTION: LATIN AMERICA AND THE CARIBBEAN,2017,https://files.transparencycdn.org/images/2017_GCB_AME_EN.pdf
ECU,Ecuador,Public Integrity in Ecuador: TOWARDS A NATIONAL INTEGRITY SYSTEM,2021,https://www.oecd.org/content/dam/oecd/en/publications/reports/2021/11/public-integrity-in-ecuador_c9507e76/9623672c-en.pdf
ECU,Ecuador ,Latin America Anti corruption Assessment,2021-2022,https://www.vancecenter.org/wp-content/uploads/2022/03/Latin-America-Anti-corruption-Assessment-2021-2022.pdf
ECU,Ecuador ,PEOPLE AND CORRUPTION: LATIN AMERICA AND THE CARIBBEAN,2017,https://files.transparencycdn.org/images/2017_GCB_AME_EN.pdf
EST,Estonia,Citizens' attitudes towards corruption,2025,https://www.kverulant.org/wp-content/uploads/2025/09/Citizens-attitudes-towards-corruption-in-the-EU-in-2025_SP561_report_en.pdf
EST,Estonia,Businesses’ Attitudes towards Corruption,2025,https://europa.eu/eurobarometer/api/deliverable/download/file?deliverableId=99723
EST,Estonia,Citizens' attitudes towards corruption,2024,https://europa.eu/eurobarometer/api/deliverable/download/file?deliverableId=91801
EST,Estonia,Businesses’ Attitudes towards Corruption,2024,https://europa.eu/eurobarometer/api/deliverable/download/file?deliverableId=91224
EST,Estonia,CORRUPTION IN ESTONIA 2023,2023,https://www.korruptsioon.ee/sites/default/files/2024-02/Korruptsioon%20Eestis%202023_aruanne_0.pdf
EST,Estonia,Survey brief,2023,https://www.korruptsioon.ee/sites/default/files/2023-04/survey_summary_in_english.pdf
EST,Estonia,Citizens' attitudes towards corruption,2023,https://www.politico.eu/wp-content/uploads/2023/07/12/Citizens_attitudes_corruption_in_EU_2023_sp534_summary_en-2.pdf
EST,Estonia,Businesses’ Attitudes towards Corruption,2023,https://europa.eu/eurobarometer/api/deliverable/download/file?deliverableId=87731
EST,Estonia,Citizens' attitudes towards corruption,2022,https://www.stopcorrupt.lu/wp-content/uploads/2022/08/Corruption_ebs_523_report_en.pdf
EST,Estonia,Citizens' attitudes towards corruption,2020,https://europa.eu/eurobarometer/api/deliverable/download/file?deliverableId=72941
EST,Estonia,Businesses’ Attitudes towards Corruption,2019,https://europa.eu/eurobarometer/api/deliverable/download/file?deliverableId=71830
EST,Estonia,Businesses’ Attitudes towards Corruption,2017,https://europa.eu/eurobarometer/api/deliverable/download/file?deliverableId=63948
EST,Estonia,Implementing the OECD Anti-Bribery Convention Phase 2 Follow-up Report,2016,https://www.oecd.org/content/dam/oecd/en/publications/reports/2016/03/implementing-the-oecd-anti-bribery-convention-phase-3-follow-up-report-estonia_76e85488/eacd78de-en.pdf
EST,Estonia,Businesses’ Attitudes towards Corruption,2015,https://europa.eu/eurobarometer/api/deliverable/download/file?deliverableId=52619
EST,Estonia,ESTONIA to the EU Anti-Corruption Report,2014,https://www.parlament.gv.at/dokument/XXV/EU/10945/imfname_10436405.pdf
EST,Estonia,Implementing the OECD Anti-Bribery Convention Phase 3 Report,2014,https://www.oecd.org/content/dam/oecd/en/publications/reports/2014/08/implementing-the-oecd-anti-bribery-convention-phase-3-report-estonia_b97f2a67/ca713b87-en.pdf
EST,Estonia,Citizens' attitudes towards corruption,2013,https://www.kpk-rs.si/storage/uploads/0832fc02-01bb-4cf3-90ee-85e3c0dea14f/ebs_397_en_Corruption.pdf
EST,Estonia,Businesses’ Attitudes towards Corruption,2013,https://europa.eu/eurobarometer/api/deliverable/download/file?deliverableId=43903
EST,Estonia,Businesses’ Attitudes towards Corruption,2011,https://www.kpk-rs.si/storage/uploads/e5b7f01f-f505-4782-81f4-25ff77cd8ae4/Eurobarometer_ebs_374_en.pdf
EST,Estonia,Businesses’ Attitudes towards Corruption,2008,https://parlament.mt/media/60626/0963.pdf?utm.pdf
FIN,Finland,Citizens' attitudes towards corruption,2025,https://www.kverulant.org/wp-content/uploads/2025/09/Citizens-attitudes-towards-corruption-in-the-EU-in-2025_SP561_report_en.pdf
FIN,Finland,Businesses’ Attitudes towards Corruption,2025,https://europa.eu/eurobarometer/api/deliverable/download/file?deliverableId=99724
FIN,Finland,Citizens' attitudes towards corruption,2024,https://europa.eu/eurobarometer/api/deliverable/download/file?deliverableId=91802
FIN,Finland,Businesses’ Attitudes towards Corruption,2024,https://europa.eu/eurobarometer/api/deliverable/download/file?deliverableId=91225
FIN,Finland,Citizens' attitudes towards corruption,2023,https://www.politico.eu/wp-content/uploads/2023/07/12/Citizens_attitudes_corruption_in_EU_2023_sp534_summary_en-2.pdf
FIN,Finland,Businesses’ Attitudes towards Corruption,2023,https://europa.eu/eurobarometer/api/deliverable/download/file?deliverableId=87732
FIN,Finland,Citizens' attitudes towards corruption,2022,https://www.stopcorrupt.lu/wp-content/uploads/2022/08/Corruption_ebs_523_report_en.pdf
FIN,Finland,Citizens' attitudes towards corruption,2020,https://europa.eu/eurobarometer/api/deliverable/download/file?deliverableId=72942
FIN,Finland,Businesses’ Attitudes towards Corruption,2019,https://europa.eu/eurobarometer/api/deliverable/download/file?deliverableId=71831
FIN,Finland,Businesses’ Attitudes towards Corruption,2017,https://europa.eu/eurobarometer/api/deliverable/download/file?deliverableId=63949
FIN,Finland,Businesses’ Attitudes towards Corruption,2015,https://europa.eu/eurobarometer/api/deliverable/download/file?deliverableId=52620
FIN,Finland,Citizens' attitudes towards corruption,2013,https://www.kpk-rs.si/storage/uploads/0832fc02-01bb-4cf3-90ee-85e3c0dea14f/ebs_397_en_Corruption.pdf
FIN,Finland,Businesses’ Attitudes towards Corruption,2013,https://europa.eu/eurobarometer/api/deliverable/download/file?deliverableId=43904
FIN,Finland,Businesses’ Attitudes towards Corruption,2011,https://www.kpk-rs.si/storage/uploads/e5b7f01f-f505-4782-81f4-25ff77cd8ae4/Eurobarometer_ebs_374_en.pdf
FIN,Finland,Businesses’ Attitudes towards Corruption,2008,https://parlament.mt/media/60626/0963.pdf?utm.pdf
FRA,France,Citizens' attitudes towards corruption,2025,https://www.kverulant.org/wp-content/uploads/2025/09/Citizens-attitudes-towards-corruption-in-the-EU-in-2025_SP561_report_en.pdf
FRA,France,Businesses’ Attitudes towards Corruption,2025,https://europa.eu/eurobarometer/api/deliverable/download/file?deliverableId=99725
FRA,France,Citizens' attitudes towards corruption,2024,https://europa.eu/eurobarometer/api/deliverable/download/file?deliverableId=91803
FRA,France,Businesses’ Attitudes towards Corruption,2024,https://europa.eu/eurobarometer/api/deliverable/download/file?deliverableId=91226
FRA,France,Citizens' attitudes towards corruption,2023,https://www.politico.eu/wp-content/uploads/2023/07/12/Citizens_attitudes_corruption_in_EU_2023_sp534_summary_en-2.pdf
FRA,France,Businesses’ Attitudes towards Corruption,2023,https://europa.eu/eurobarometer/api/deliverable/download/file?deliverableId=87733
FRA,France,Citizens' attitudes towards corruption,2022,https://www.stopcorrupt.lu/wp-content/uploads/2022/08/Corruption_ebs_523_report_en.pdf
FRA,France,Citizens' attitudes towards corruption,2020,https://europa.eu/eurobarometer/api/deliverable/download/file?deliverableId=72943
FRA,France,Businesses’ Attitudes towards Corruption,2019,https://europa.eu/eurobarometer/api/deliverable/download/file?deliverableId=71832
FRA,France,Citizens' attitudes towards corruption,2017,https://www.kpk-rs.si/storage/uploads/c03f5472-029f-4852-9d84-507d7141ad9b/2017_Eurobarometer-on-corruption_ebs_470_en.pdf
FRA,France,Businesses’ Attitudes towards Corruption,2017,https://europa.eu/eurobarometer/api/deliverable/download/file?deliverableId=63950
FRA,France,Businesses’ Attitudes towards Corruption,2015,https://europa.eu/eurobarometer/api/deliverable/download/file?deliverableId=52621
FRA,France,Citizens' attitudes towards corruption,2013,https://www.kpk-rs.si/storage/uploads/0832fc02-01bb-4cf3-90ee-85e3c0dea14f/ebs_397_en_Corruption.pdf
FRA,France,Businesses’ Attitudes towards Corruption,2013,https://europa.eu/eurobarometer/api/deliverable/download/file?deliverableId=43905
FRA,France,Businesses’ Attitudes towards Corruption,2011,https://www.kpk-rs.si/storage/uploads/e5b7f01f-f505-4782-81f4-25ff77cd8ae4/Eurobarometer_ebs_374_en.pdf
FRA,France,Businesses’ Attitudes towards Corruption,2008,https://parlament.mt/media/60626/0963.pdf?utm.pdf
GEO,Georgia,Anti Corruption Reforms in Georgia - 5TH ROUND OF MONITORING OF THE ISTANBUL ANTI-CORRUPTION ACTION PLAN,2022,https://www.oecd.org/content/dam/oecd/en/publications/reports/2022/05/anti-corruption-reforms-in-georgia_3606e61d/d709c349-en.pdf
GEO,Georgia,Business Integrity in Georgia - Operational Environment and Internal Mechanisms,2021,https://transparency.ge/sites/default/files/bica_report_en.pdf
GEO,Georgia,Overview of Corruption and Anti Corruption in Georgia,2013,https://knowledgehub.transparency.org/assets/uploads/helpdesk/Overview_of_corruption_in_Georgia.pdf
GEO,Georgia,National Integrity System Assessment,2011,https://images.transparencycdn.org/images/2011_GeorgiaNIS_EN.pdf
GEO,Georgia,Perceptions of Corruption in Georgia - General Public Survey,2009,https://rm.coe.int/16806ed5af
DEU,Germany,Citizens' attitudes towards corruption,2025,https://www.kverulant.org/wp-content/uploads/2025/09/Citizens-attitudes-towards-corruption-in-the-EU-in-2025_SP561_report_en.pdf
DEU,Germany,Businesses’ Attitudes towards Corruption,2025,https://europa.eu/eurobarometer/api/deliverable/download/file?deliverableId=99726
DEU,Germany,Citizens' attitudes towards corruption,2024,https://europa.eu/eurobarometer/api/deliverable/download/file?deliverableId=91804
DEU,Germany,Businesses’ Attitudes towards Corruption,2024,https://europa.eu/eurobarometer/api/deliverable/download/file?deliverableId=91227
DEU,Germany,Citizens' attitudes towards corruption,2023,https://www.politico.eu/wp-content/uploads/2023/07/12/Citizens_attitudes_corruption_in_EU_2023_sp534_summary_en-2.pdf
DEU,Germany,Businesses’ Attitudes towards Corruption,2023,https://europa.eu/eurobarometer/api/deliverable/download/file?deliverableId=87734
DEU,Germany,Citizens' attitudes towards corruption,2022,https://www.stopcorrupt.lu/wp-content/uploads/2022/08/Corruption_ebs_523_report_en.pdf
DEU,Germany,Citizens' attitudes towards corruption,2020,https://europa.eu/eurobarometer/api/deliverable/download/file?deliverableId=72944
DEU,Germany,Businesses’ Attitudes towards Corruption,2019,https://europa.eu/eurobarometer/api/deliverable/download/file?deliverableId=71833
DEU,Germany,Citizens' attitudes towards corruption,2017,https://www.kpk-rs.si/storage/uploads/c03f5472-029f-4852-9d84-507d7141ad9b/2017_Eurobarometer-on-corruption_ebs_470_en.pdf
DEU,Germany,Businesses’ Attitudes towards Corruption,2017,https://europa.eu/eurobarometer/api/deliverable/download/file?deliverableId=63951
DEU,Germany,Businesses’ Attitudes towards Corruption,2015,https://europa.eu/eurobarometer/api/deliverable/download/file?deliverableId=52622
DEU,Germany,Citizens' attitudes towards corruption,2013,https://www.kpk-rs.si/storage/uploads/0832fc02-01bb-4cf3-90ee-85e3c0dea14f/ebs_397_en_Corruption.pdf
DEU,Germany,Businesses’ Attitudes towards Corruption,2013,https://europa.eu/eurobarometer/api/deliverable/download/file?deliverableId=43906
DEU,Germany,Businesses’ Attitudes towards Corruption,2011,https://www.kpk-rs.si/storage/uploads/e5b7f01f-f505-4782-81f4-25ff77cd8ae4/Eurobarometer_ebs_374_en.pdf
DEU,Germany,Businesses’ Attitudes towards Corruption,2008,https://parlament.mt/media/60626/0963.pdf?utm.pdf
GHA,Ghana,Ghana Anti-Corruption Coalition - State of Corruption,2024,https://gaccgh.org/wp-content/uploads/2025/07/GACC-State-of-Corruption-Report-2024.pdf
GHA,Ghana,Ghana Anti-Corruption Coalition Corruption Report 2023,2023,https://gaccgh.org/wp-content/uploads/2024/01/GACC_Report_Jan_23-1.pdf
GHA,Ghana,CORRUPTION IN GHANA - People’s Experiences and Views,2022,https://www.unodc.org/documents/corruption/Publications/2022/GHANA_-_Corruption_survey_report_-_20.07.2022.pdf
GHA,Ghana,Overview of Corruption in Ghana,2014,"https://knowledgehub.transparency.org/assets/uploads/helpdesk/Country_profile_Ghana_2014.pdf#:~:text=According%20to%20the%20Voice%20of%20the%20People,police%20obtained%20an%20aggregated%20score%20of%204.6."
GHA,Ghana,Overview of Corruption and Anti-Corruption in Ghana,2010,https://www.u4.no/publications/overview-of-corruption-and-anti-corruption-in-ghana.pdf
GRC,Greece,Citizens' attitudes towards corruption,2025,https://www.kverulant.org/wp-content/uploads/2025/09/Citizens-attitudes-towards-corruption-in-the-EU-in-2025_SP561_report_en.pdf
GRC,Greece,Businesses’ Attitudes towards Corruption,2025,https://europa.eu/eurobarometer/api/deliverable/download/file?deliverableId=99727
GRC,Greece,Citizens' attitudes towards corruption,2024,https://europa.eu/eurobarometer/api/deliverable/download/file?deliverableId=91805
GRC,Greece,Businesses’ Attitudes towards Corruption,2024,https://europa.eu/eurobarometer/api/deliverable/download/file?deliverableId=91228
GRC,Greece,Citizens' attitudes towards corruption,2023,https://www.politico.eu/wp-content/uploads/2023/07/12/Citizens_attitudes_corruption_in_EU_2023_sp534_summary_en-2.pdf
GRC,Greece,Businesses’ Attitudes towards Corruption,2023,https://europa.eu/eurobarometer/api/deliverable/download/file?deliverableId=87735
GRC,Greece,Citizens' attitudes towards corruption,2022,https://www.stopcorrupt.lu/wp-content/uploads/2022/08/Corruption_ebs_523_report_en.pdf
GRC,Greece,Citizens' attitudes towards corruption,2020,https://europa.eu/eurobarometer/api/deliverable/download/file?deliverableId=72945
GRC,Greece,Businesses’ Attitudes towards Corruption,2019,https://europa.eu/eurobarometer/api/deliverable/download/file?deliverableId=71834
GRC,Greece,Citizens' attitudes towards corruption,2017,https://www.kpk-rs.si/storage/uploads/c03f5472-029f-4852-9d84-507d7141ad9b/2017_Eurobarometer-on-corruption_ebs_470_en.pdf
GRC,Greece,Businesses’ Attitudes towards Corruption,2017,https://europa.eu/eurobarometer/api/deliverable/download/file?deliverableId=63952
GRC,Greece,Businesses’ Attitudes towards Corruption,2015,https://europa.eu/eurobarometer/api/deliverable/download/file?deliverableId=52623
GRC,Greece,Citizens' attitudes towards corruption,2013,https://www.kpk-rs.si/storage/uploads/0832fc02-01bb-4cf3-90ee-85e3c0dea14f/ebs_397_en_Corruption.pdf
GRC,Greece,Businesses’ Attitudes towards Corruption,2013,https://europa.eu/eurobarometer/api/deliverable/download/file?deliverableId=43907
GRC,Greece,Businesses’ Attitudes towards Corruption,2011,https://www.kpk-rs.si/storage/uploads/e5b7f01f-f505-4782-81f4-25ff77cd8ae4/Eurobarometer_ebs_374_en.pdf
GRC,Greece,Businesses’ Attitudes towards Corruption,2008,https://parlament.mt/media/60626/0963.pdf?utm.pdf
HKG,Hong Kong SAR,Combating Corruption: The Hong Kong Experience,2014,https://www.tsinghuachinalawreview.law.tsinghua.edu.cn/UploadFiles/2022-11-17/dv6gyayaqfc6mhfg.pdf?NC4gVENMUl8wNjAyX0hVSS5wZGY=
HUN,Hungary,Citizens' attitudes towards corruption,2025,https://www.kverulant.org/wp-content/uploads/2025/09/Citizens-attitudes-towards-corruption-in-the-EU-in-2025_SP561_report_en.pdf
HUN,Hungary,Businesses’ Attitudes towards Corruption,2025,https://europa.eu/eurobarometer/api/deliverable/download/file?deliverableId=99728
HUN,Hungary,Citizens' attitudes towards corruption,2024,https://europa.eu/eurobarometer/api/deliverable/download/file?deliverableId=91806
HUN,Hungary,Businesses’ Attitudes towards Corruption,2024,https://europa.eu/eurobarometer/api/deliverable/download/file?deliverableId=91229
HUN,Hungary,Citizens' attitudes towards corruption,2023,https://www.politico.eu/wp-content/uploads/2023/07/12/Citizens_attitudes_corruption_in_EU_2023_sp534_summary_en-2.pdf
HUN,Hungary,Businesses’ Attitudes towards Corruption,2023,https://europa.eu/eurobarometer/api/deliverable/download/file?deliverableId=87736
HUN,Hungary,Citizens' attitudes towards corruption,2022,https://www.stopcorrupt.lu/wp-content/uploads/2022/08/Corruption_ebs_523_report_en.pdf
HUN,Hungary,Citizens' attitudes towards corruption,2020,https://europa.eu/eurobarometer/api/deliverable/download/file?deliverableId=72946
HUN,Hungary,Businesses’ Attitudes towards Corruption,2019,https://europa.eu/eurobarometer/api/deliverable/download/file?deliverableId=71835
HUN,Hungary,Citizens' attitudes towards corruption,2017,https://www.kpk-rs.si/storage/uploads/c03f5472-029f-4852-9d84-507d7141ad9b/2017_Eurobarometer-on-corruption_ebs_470_en.pdf
HUN,Hungary,Businesses’ Attitudes towards Corruption,2017,https://europa.eu/eurobarometer/api/deliverable/download/file?deliverableId=63953
HUN,Hungary,Businesses’ Attitudes towards Corruption,2015,https://europa.eu/eurobarometer/api/deliverable/download/file?deliverableId=52624
HUN,Hungary,Citizens' attitudes towards corruption,2013,https://www.kpk-rs.si/storage/uploads/0832fc02-01bb-4cf3-90ee-85e3c0dea14f/ebs_397_en_Corruption.pdf
HUN,Hungary,Businesses’ Attitudes towards Corruption,2013,https://europa.eu/eurobarometer/api/deliverable/download/file?deliverableId=43908
HUN,Hungary,Businesses’ Attitudes towards Corruption,2011,https://www.kpk-rs.si/storage/uploads/e5b7f01f-f505-4782-81f4-25ff77cd8ae4/Eurobarometer_ebs_374_en.pdf
HUN,Hungary,Businesses’ Attitudes towards Corruption,2008,https://parlament.mt/media/60626/0963.pdf?utm.pdf
IND,India,India Corruption Survey ,2019,http://qa-resources.localcircles.com/img/press/india-corruption-survey-2019-press-release.pdf
IDN,Indonesia,Report on 2023 Corruption Trends Monitoring Results,2023,https://antikorupsi.org/sites/default/files/dokumen/Report%20on%202023%20Corruption%20Trends%20Monitoring%20Result_0.pdf
IDN,Indonesia,COUNTRY INSIGHTS BRIEF INDONESIA,2023,https://www.iaca.int/measuring-corruption/wp-content/uploads/2023/09/GPMC_Indonesia_Insights_Brief_19092023_online.pdf
IDN,Indonesia,A Survey of Business Corruption,2021,https://www.newmandala.org/wp-content/uploads/2021/01/Paying-bribes-in-Indonesia_formatted.pdf
IDN,Indonesia,National Anti-Corruption Survey,2017,https://antikorupsi.org/sites/default/files/dokumen/Temuan%2520Hasil%2520Survey%2520Anti%2520Korupsi%25202017.pdf
IDN,Indonesia,Open Data and the Fight Against Corruption in Indonesia,2017,https://images.transparencycdn.org/images/2017_OpenDataIndonesia_EN.pdf
IDN,Indonesia,Anti-Corruption Behavior Survey,2015,https://www.unodc.org/documents/data-and-analysis/statistics/Activities/corruption-taskforce/ACBI_2015_-_Indonesia.pdf
IRL,Ireland,Citizens' attitudes towards corruption,2025,https://www.kverulant.org/wp-content/uploads/2025/09/Citizens-attitudes-towards-corruption-in-the-EU-in-2025_SP561_report_en.pdf
IRL,Ireland,Businesses’ Attitudes towards Corruption,2025,https://europa.eu/eurobarometer/api/deliverable/download/file?deliverableId=99729
IRL,Ireland,Citizens' attitudes towards corruption,2024,https://europa.eu/eurobarometer/api/deliverable/download/file?deliverableId=91807
IRL,Ireland,Businesses’ Attitudes towards Corruption,2024,https://europa.eu/eurobarometer/api/deliverable/download/file?deliverableId=91230
IRL,Ireland,Citizens' attitudes towards corruption,2023,https://www.politico.eu/wp-content/uploads/2023/07/12/Citizens_attitudes_corruption_in_EU_2023_sp534_summary_en-2.pdf
IRL,Ireland,Businesses’ Attitudes towards Corruption,2023,https://europa.eu/eurobarometer/api/deliverable/download/file?deliverableId=87737
IRL,Ireland,Citizens' attitudes towards corruption,2022,https://www.stopcorrupt.lu/wp-content/uploads/2022/08/Corruption_ebs_523_report_en.pdf
IRL,Ireland,Citizens' attitudes towards corruption,2020,https://europa.eu/eurobarometer/api/deliverable/download/file?deliverableId=72947
IRL,Ireland,Businesses’ Attitudes towards Corruption,2019,https://europa.eu/eurobarometer/api/deliverable/download/file?deliverableId=71836
IRL,Ireland,Citizens' attitudes towards corruption,2017,https://www.kpk-rs.si/storage/uploads/c03f5472-029f-4852-9d84-507d7141ad9b/2017_Eurobarometer-on-corruption_ebs_470_en.pdf
IRL,Ireland,Businesses’ Attitudes towards Corruption,2017,https://europa.eu/eurobarometer/api/deliverable/download/file?deliverableId=63954
IRL,Ireland,Businesses’ Attitudes towards Corruption,2015,https://europa.eu/eurobarometer/api/deliverable/download/file?deliverableId=52625
IRL,Ireland,Citizens' attitudes towards corruption,2013,https://www.kpk-rs.si/storage/uploads/0832fc02-01bb-4cf3-90ee-85e3c0dea14f/ebs_397_en_Corruption.pdf
IRL,Ireland,Businesses’ Attitudes towards Corruption,2013,https://europa.eu/eurobarometer/api/deliverable/download/file?deliverableId=43909
IRL,Ireland,Businesses’ Attitudes towards Corruption,2011,https://www.kpk-rs.si/storage/uploads/e5b7f01f-f505-4782-81f4-25ff77cd8ae4/Eurobarometer_ebs_374_en.pdf
IRL,Ireland,Businesses’ Attitudes towards Corruption,2008,https://parlament.mt/media/60626/0963.pdf?utm.pdf
ITA,Italy,Citizens' attitudes towards corruption,2025,https://www.kverulant.org/wp-content/uploads/2025/09/Citizens-attitudes-towards-corruption-in-the-EU-in-2025_SP561_report_en.pdf
ITA,Italy,Businesses’ Attitudes towards Corruption,2025,https://europa.eu/eurobarometer/api/deliverable/download/file?deliverableId=99730
ITA,Italy,Citizens' attitudes towards corruption,2024,https://europa.eu/eurobarometer/api/deliverable/download/file?deliverableId=91808
ITA,Italy,Businesses’ Attitudes towards Corruption,2024,https://europa.eu/eurobarometer/api/deliverable/download/file?deliverableId=91231
ITA,Italy,Citizens' attitudes towards corruption,2023,https://www.politico.eu/wp-content/uploads/2023/07/12/Citizens_attitudes_corruption_in_EU_2023_sp534_summary_en-2.pdf
ITA,Italy,Businesses’ Attitudes towards Corruption,2023,https://europa.eu/eurobarometer/api/deliverable/download/file?deliverableId=87738
ITA,Italy,Citizens' attitudes towards corruption,2022,https://www.stopcorrupt.lu/wp-content/uploads/2022/08/Corruption_ebs_523_report_en.pdf
ITA,Italy,Citizens' attitudes towards corruption,2020,https://europa.eu/eurobarometer/api/deliverable/download/file?deliverableId=72948
ITA,Italy,Businesses’ Attitudes towards Corruption,2019,https://europa.eu/eurobarometer/api/deliverable/download/file?deliverableId=71837
ITA,Italy,CORRUPTION IN ITALY: THE CITIZEN’S POINT OF VIEW ,2017,https://www.istat.it/en/files/2017/10/EN_Corruption_in_Italy.pdf?title=Corruption+in+Italy+-+12+Oct+2017+-+Full+text.pdf
ITA,Italy,Citizens' attitudes towards corruption,2017,https://www.kpk-rs.si/storage/uploads/c03f5472-029f-4852-9d84-507d7141ad9b/2017_Eurobarometer-on-corruption_ebs_470_en.pdf
ITA,Italy,Businesses’ Attitudes towards Corruption,2017,https://europa.eu/eurobarometer/api/deliverable/download/file?deliverableId=63955
ITA,Italy,ANTI-CORRUPTION POLICIES SURVEY ,2016,https://lawschoolsgloballeague.com/wp-content/uploads/2024/01/italy-2016.pdf
ITA,Italy,Businesses’ Attitudes towards Corruption,2015,https://europa.eu/eurobarometer/api/deliverable/download/file?deliverableId=52626
ITA,Italy,Citizens' attitudes towards corruption,2013,https://www.kpk-rs.si/storage/uploads/0832fc02-01bb-4cf3-90ee-85e3c0dea14f/ebs_397_en_Corruption.pdf
ITA,Italy,Businesses’ Attitudes towards Corruption,2013,https://europa.eu/eurobarometer/api/deliverable/download/file?deliverableId=43910
ITA,Italy,Businesses’ Attitudes towards Corruption,2011,https://www.kpk-rs.si/storage/uploads/e5b7f01f-f505-4782-81f4-25ff77cd8ae4/Eurobarometer_ebs_374_en.pdf
ITA,Italy,Businesses’ Attitudes towards Corruption,2008,https://parlament.mt/media/60626/0963.pdf?utm.pdf
JOR,Jordan,OECD Integrity Review of Jordan,2024,"https://www.oecd.org/content/dam/oecd/en/publications/reports/2024/12/oecd-integrity-review-of-jordan_090bae39/8110327a-en.pdf#:~:text=These%20challenges%20include%20insufficient%20transparency%20and%20undue,first%20anti%2Dcorruption%20strategy%2C%20covering%20a%20four%2Dyear%20period."
JOR,Jordan,The National Integrity System (NIS),2015,https://images.transparencycdn.org/images/2015_NIS_Jordan_EN.pdf
JOR,Jordan,JORDAN RULE OF LAW AND  ANTI-CORRUPTION ASSESSMENT ,2013,https://democracyinternational.com/media/Jordan%20Rule%20of%20Law%20Anti-Corruption%20Assessment.pdf
KAZ,Kazakhstan,NATIONAL ANTI-CORRUPTION REPORT 2022,2022,https://kafu.edu.kz/wp-content/uploads/2025/07/national-anti-corruption-report-2022.pdf
KAZ,Kazakhstan,REPORT ON THE PREVENTION OF CORRUPTION IN KAZAKHSTAN,2018,https://knowledgehub.transparency.org/assets/uploads/kproducts/REPORT-ON-THE-PREVENTION-OF-CORRUPTION-IN-KAZAKHSTAN.pdf
KAZ,Kazakhstan,Report on the Prevention of Corruption in Kazakhstan,2018,https://knowledgehub.transparency.org/assets/uploads/kproducts/REPORT-ON-THE-PREVENTION-OF-CORRUPTION-IN-KAZAKHSTAN.pdf
KAZ,Kazakhstan,Anti-Corruption Reforms in Kazakhstan Round 4,2017,https://www.oecd.org/content/dam/oecd/en/publications/reports/2017/09/anti-corruption-reforms-in-kazakhstan_c8d68255/f6d3e193-en.pdf
KAZ,Kazakhstan,Anti-Corruption Reforms in Kazakhstan Round 3,2014,https://www.oecd.org/content/dam/oecd/en/publications/reports/2014/10/anti-corruption-reforms-in-kazakhstan_eaf0f128/0b65bace-en.pdf
KEN,Kenya,National Ethics and Corruption Survey,2024,https://eacc.go.ke/en/default/wp-content/uploads/2025/08/NATIONAL-ETHICS-AND-CORRUPTION-SURVEY-2024.pdf
KEN,Kenya,National Ethics and Corruption Survey,2023,https://eacc.go.ke/en/default/wp-content/uploads/2024/03/EACC-NATIONAL-SURVEY-REPORT-2023.pdf
KEN,Kenya,National Ethics and Corruption Survey,2022,https://eacc.go.ke/en/default/wp-content/uploads/2024/04/National-Ethics-and-Corruption-Survey-2022.pdf
KEN,Kenya,National Ethics and Corruption Survey,2021,https://eacc.go.ke/default/wp-content/uploads/2022/12/National-Ethics-and-Corruption-Survey-2021-EACC-30-Dec-2022.pdf
KEN,Kenya,National Ethics and Corruption Survey,2019,https://eacc.go.ke/en/default/wp-content/uploads/2024/04/Public-Officers-Survey-2019-Final.pdf
KEN,Kenya,National Ethics and Corruption Survey,2018,https://eacc.go.ke/default/wp-content/uploads/2019/11/EACC-Ethic-Corruption-Survey-2018.pdf
KEN,Kenya,National Ethics and Corruption Survey,2017,https://eacc.go.ke/default/wp-content/uploads/2018/11/EACC-ETHICS-AND-CORRUPTION-SURVEY-2017.pdf
KEN,Kenya,National Ethics and Corruption Survey,2016,https://eacc.go.ke/default/wp-content/uploads/2018/09/Final_EACC_National_Survey_on_Corruption-2016.pdf
KEN,Kenya,National Ethics and Corruption Survey,2015,https://eacc.go.ke/en/default/wp-content/uploads/2018/09/National-Ethics-and-Corruption-Survey-2015-REPORT-4March2016-1-1.pdf
KEN,Kenya,National Ethics and Corruption Survey,2014,https://eacc.go.ke/default/wp-content/uploads/2018/09/Corruption-Ethics-Survey.pdf
KEN,Kenya,National Ethics and Corruption Survey,2012,https://beta.eacc.go.ke/download/national-survey-corruption-ethics-2012-pdf/?wpdmdl=12400&refresh=68c186cbb55ac1757513419
KEN,Kenya,National Ethics and Corruption Survey,2011,https://eacc.go.ke/default/wp-content/uploads/2018/09/CORRUPTION-PERCEPTION-SURVEY-2011.pdf
KEN,Kenya,National Ethics and Corruption Survey,2010,https://eacc.go.ke/default/wp-content/uploads/2018/09/health-report.pdf
KEN,Kenya,National Ethics and Corruption Survey,2009,https://eacc.go.ke/default/wp-content/uploads/2018/09/Enterprise-survey-2009.pdf
KEN,Kenya,National Ethics and Corruption Survey,2008,https://eacc.go.ke/default/wp-content/uploads/2018/09/Perception-Survey-2008.pdf
LVA,Latvia,Citizens' attitudes towards corruption,2025,https://www.kverulant.org/wp-content/uploads/2025/09/Citizens-attitudes-towards-corruption-in-the-EU-in-2025_SP561_report_en.pdf
LVA,Latvia,Businesses’ Attitudes towards Corruption,2025,https://europa.eu/eurobarometer/api/deliverable/download/file?deliverableId=99731
LVA,Latvia,Results of public and business surveys,2024,https://www.knab.gov.lv/lv/media/7254/download?attachment
LVA,Latvia,Citizens' attitudes towards corruption,2024,https://europa.eu/eurobarometer/api/deliverable/download/file?deliverableId=91809
LVA,Latvia,Businesses’ Attitudes towards Corruption,2024,https://europa.eu/eurobarometer/api/deliverable/download/file?deliverableId=91232
LVA,Latvia,Results of public and business surveys,2023,https://www.knab.gov.lv/lv/media/4803/download?attachment
LVA,Latvia,Citizens' attitudes towards corruption,2023,https://www.politico.eu/wp-content/uploads/2023/07/12/Citizens_attitudes_corruption_in_EU_2023_sp534_summary_en-2.pdf
LVA,Latvia,Businesses’ Attitudes towards Corruption,2023,https://europa.eu/eurobarometer/api/deliverable/download/file?deliverableId=87739
LVA,Latvia,Citizens' attitudes towards corruption,2022,https://www.stopcorrupt.lu/wp-content/uploads/2022/08/Corruption_ebs_523_report_en.pdf
LVA,Latvia,Citizens' attitudes towards corruption,2020,https://europa.eu/eurobarometer/api/deliverable/download/file?deliverableId=72949
LVA,Latvia,Businesses’ Attitudes towards Corruption,2019,https://europa.eu/eurobarometer/api/deliverable/download/file?deliverableId=71838
LVA,Latvia,Citizens' attitudes towards corruption,2017,https://www.kpk-rs.si/storage/uploads/c03f5472-029f-4852-9d84-507d7141ad9b/2017_Eurobarometer-on-corruption_ebs_470_en.pdf
LVA,Latvia,Businesses’ Attitudes towards Corruption,2017,https://europa.eu/eurobarometer/api/deliverable/download/file?deliverableId=63956
LVA,Latvia,Businesses’ Attitudes towards Corruption,2015,https://europa.eu/eurobarometer/api/deliverable/download/file?deliverableId=52627
LVA,Latvia,Citizens' attitudes towards corruption,2013,https://www.kpk-rs.si/storage/uploads/0832fc02-01bb-4cf3-90ee-85e3c0dea14f/ebs_397_en_Corruption.pdf
LVA,Latvia,Businesses’ Attitudes towards Corruption,2013,https://europa.eu/eurobarometer/api/deliverable/download/file?deliverableId=43911
LVA,Latvia,Businesses’ Attitudes towards Corruption,2011,https://www.kpk-rs.si/storage/uploads/e5b7f01f-f505-4782-81f4-25ff77cd8ae4/Eurobarometer_ebs_374_en.pdf
LVA,Latvia,Businesses’ Attitudes towards Corruption,2008,https://parlament.mt/media/60626/0963.pdf?utm.pdf
LTU,Lithuania,Citizens' attitudes towards corruption,2025,https://www.kverulant.org/wp-content/uploads/2025/09/Citizens-attitudes-towards-corruption-in-the-EU-in-2025_SP561_report_en.pdf
LTU,Lithuania,Businesses’ Attitudes towards Corruption,2025,https://europa.eu/eurobarometer/api/deliverable/download/file?deliverableId=99732
LTU,Lithuania,Citizens' attitudes towards corruption,2024,https://europa.eu/eurobarometer/api/deliverable/download/file?deliverableId=91810
LTU,Lithuania,Businesses’ Attitudes towards Corruption,2024,https://europa.eu/eurobarometer/api/deliverable/download/file?deliverableId=91233
LTU,Lithuania,Survey Map of Corruption in Lithuania,2023,https://stt.lt/data/public/uploads/2024/11/map_of_corruption_in_lithuania_2024.pdf
LTU,Lithuania,Citizens' attitudes towards corruption,2023,https://www.politico.eu/wp-content/uploads/2023/07/12/Citizens_attitudes_corruption_in_EU_2023_sp534_summary_en-2.pdf
LTU,Lithuania,Businesses’ Attitudes towards Corruption,2023,https://europa.eu/eurobarometer/api/deliverable/download/file?deliverableId=87740
LTU,Lithuania,SPECIAL INVESTIGATION SERVICE  OF THE REPUBLIC OF LITHUANIA,2022,https://www.stt.lt/data/public/uploads/2023/06/stt_ataskaita_2022_en_web.pdf
LTU,Lithuania,Citizens' attitudes towards corruption,2022,https://www.stopcorrupt.lu/wp-content/uploads/2022/08/Corruption_ebs_523_report_en.pdf
LTU,Lithuania,Citizens' attitudes towards corruption,2020,https://europa.eu/eurobarometer/api/deliverable/download/file?deliverableId=72950
LTU,Lithuania,Businesses’ Attitudes towards Corruption,2019,https://europa.eu/eurobarometer/api/deliverable/download/file?deliverableId=71839
LTU,Lithuania,Citizens' attitudes towards corruption,2017,https://www.kpk-rs.si/storage/uploads/c03f5472-029f-4852-9d84-507d7141ad9b/2017_Eurobarometer-on-corruption_ebs_470_en.pdf
LTU,Lithuania,Businesses’ Attitudes towards Corruption,2017,https://europa.eu/eurobarometer/api/deliverable/download/file?deliverableId=63957
LTU,Lithuania,Businesses’ Attitudes towards Corruption,2015,https://europa.eu/eurobarometer/api/deliverable/download/file?deliverableId=52628
LTU,Lithuania,Citizens' attitudes towards corruption,2013,https://www.kpk-rs.si/storage/uploads/0832fc02-01bb-4cf3-90ee-85e3c0dea14f/ebs_397_en_Corruption.pdf
LTU,Lithuania,Businesses’ Attitudes towards Corruption,2013,https://europa.eu/eurobarometer/api/deliverable/download/file?deliverableId=43912
LTU,Lithuania,Businesses’ Attitudes towards Corruption,2011,https://www.kpk-rs.si/storage/uploads/e5b7f01f-f505-4782-81f4-25ff77cd8ae4/Eurobarometer_ebs_374_en.pdf
LTU,Lithuania,Businesses’ Attitudes towards Corruption,2008,https://parlament.mt/media/60626/0963.pdf?utm.pdf
LUX,Luxembourg,Citizens' attitudes towards corruption,2025,https://www.kverulant.org/wp-content/uploads/2025/09/Citizens-attitudes-towards-corruption-in-the-EU-in-2025_SP561_report_en.pdf
LUX,Luxembourg,Businesses’ Attitudes towards Corruption,2025,https://europa.eu/eurobarometer/api/deliverable/download/file?deliverableId=99733
LUX,Luxembourg,Citizens' attitudes towards corruption,2024,https://europa.eu/eurobarometer/api/deliverable/download/file?deliverableId=91811
LUX,Luxembourg,Businesses’ Attitudes towards Corruption,2024,https://europa.eu/eurobarometer/api/deliverable/download/file?deliverableId=91234
LUX,Luxembourg,Citizens' attitudes towards corruption,2023,https://www.politico.eu/wp-content/uploads/2023/07/12/Citizens_attitudes_corruption_in_EU_2023_sp534_summary_en-2.pdf
LUX,Luxembourg,Businesses’ Attitudes towards Corruption,2023,https://europa.eu/eurobarometer/api/deliverable/download/file?deliverableId=87741
LUX,Luxembourg,Citizens' attitudes towards corruption,2022,https://www.stopcorrupt.lu/wp-content/uploads/2022/08/Corruption_ebs_523_report_en.pdf
LUX,Luxembourg,Citizens' attitudes towards corruption,2020,https://europa.eu/eurobarometer/api/deliverable/download/file?deliverableId=72951
LUX,Luxembourg,Businesses’ Attitudes towards Corruption,2019,https://europa.eu/eurobarometer/api/deliverable/download/file?deliverableId=71840
LUX,Luxembourg,Citizens' attitudes towards corruption,2017,https://www.kpk-rs.si/storage/uploads/c03f5472-029f-4852-9d84-507d7141ad9b/2017_Eurobarometer-on-corruption_ebs_470_en.pdf
LUX,Luxembourg,Businesses’ Attitudes towards Corruption,2017,https://europa.eu/eurobarometer/api/deliverable/download/file?deliverableId=63958
LUX,Luxembourg,Businesses’ Attitudes towards Corruption,2015,https://europa.eu/eurobarometer/api/deliverable/download/file?deliverableId=52629
LUX,Luxembourg,Citizens' attitudes towards corruption,2013,https://www.kpk-rs.si/storage/uploads/0832fc02-01bb-4cf3-90ee-85e3c0dea14f/ebs_397_en_Corruption.pdf
LUX,Luxembourg,Businesses’ Attitudes towards Corruption,2013,https://europa.eu/eurobarometer/api/deliverable/download/file?deliverableId=43913
LUX,Luxembourg,Businesses’ Attitudes towards Corruption,2011,https://www.kpk-rs.si/storage/uploads/e5b7f01f-f505-4782-81f4-25ff77cd8ae4/Eurobarometer_ebs_374_en.pdf
LUX,Luxembourg,Businesses’ Attitudes towards Corruption,2008,https://parlament.mt/media/60626/0963.pdf?utm.pdf
MKD,Macedonia,Corruption Assessment Report in North Macedonia,2023,https://mcms.mk/images/docs/2023/corruption-assessment-report-on-north-macedonia.pdf
MKD,Macedonia,National Integrity System Assessment: North Macedonia,2023,https://transparency.mk/wp-content/uploads/2024/01/national-integrity-system-assessment-2023.pdf
MKD,Macedonia,North Macedonia: Overview of Corruption and ant-Corruption,2022,https://www.u4.no/publications/north-macedonia-overview-of-corruption-and-anti-corruption.pdf
MKD,Macedonia,KEY FINDINGS ANALYSIS FROM PUBLIC OPINION SURVEY ON CORRUPTION AND INTEGRITY PERCEPTION WITHIN THE PROJECT “PROMOTING TRANSPARENCY AND ACCOUNTABILITY IN PUBLIC ADMINISTRATION IN NORTH MACEDONIA” FINANCED BY THE EUROPEAN UNION,2021,https://dksk.mk/wp-content/uploads/2021/09/Report-Integrity-Survey-part-1.pdf
MKD,Macedonia,Fifth Evaluation Round: Preventing corruption and promoting integrity in central governments (top executive functions) and law enforcement agencies,2019,https://rm.coe.int/fifth-evaluation-round-preventing-corruption-and-promoting-integrity-i/168095378c
MKD,Macedonia,Corruption Assessment Report,2014,https://www.merc.org.mk/Files/Write/Documents/01101/en/corruption-assessment-report.pdf
MKD,Macedonia,"BUSINESS, CORRUPTION AND CRIME IN THE FORMER YUGOSLAV REPUBLIC: The Impact of Bribery and Other Crime on Private Enterprise",2013,https://www.unodc.org/documents/data-and-analysis/statistics/corruption/Macedonia_Business_corruption_report_ENG.pdf
MKD,Macedonia,Corruption in the Former Yugoslav Republic of Macedonia,2011,https://www.unodc.org/documents/data-and-analysis/statistics/corruption/Corruption_report_fYR_Macedonia_FINAL_web.pdf
MLT,Malta,Citizens' attitudes towards corruption,2025,https://www.kverulant.org/wp-content/uploads/2025/09/Citizens-attitudes-towards-corruption-in-the-EU-in-2025_SP561_report_en.pdf
MLT,Malta,Businesses’ Attitudes towards Corruption,2025,https://europa.eu/eurobarometer/api/deliverable/download/file?deliverableId=99734
MLT,Malta,Citizens' attitudes towards corruption,2024,https://europa.eu/eurobarometer/api/deliverable/download/file?deliverableId=91812
MLT,Malta,Businesses’ Attitudes towards Corruption,2024,https://europa.eu/eurobarometer/api/deliverable/download/file?deliverableId=91235
MLT,Malta,Citizens' attitudes towards corruption,2023,https://www.politico.eu/wp-content/uploads/2023/07/12/Citizens_attitudes_corruption_in_EU_2023_sp534_summary_en-2.pdf
MLT,Malta,Businesses’ Attitudes towards Corruption,2023,https://europa.eu/eurobarometer/api/deliverable/download/file?deliverableId=87742
MLT,Malta,Citizens' attitudes towards corruption,2022,https://www.stopcorrupt.lu/wp-content/uploads/2022/08/Corruption_ebs_523_report_en.pdf
MLT,Malta,Citizens' attitudes towards corruption,2020,https://europa.eu/eurobarometer/api/deliverable/download/file?deliverableId=72952
MLT,Malta,Businesses’ Attitudes towards Corruption,2019,https://europa.eu/eurobarometer/api/deliverable/download/file?deliverableId=71841
MLT,Malta,Businesses’ Attitudes towards Corruption,2017,https://europa.eu/eurobarometer/api/deliverable/download/file?deliverableId=63959
MLT,Malta,Businesses’ Attitudes towards Corruption,2015,https://europa.eu/eurobarometer/api/deliverable/download/file?deliverableId=52630
MLT,Malta,Citizens' attitudes towards corruption,2013,https://www.kpk-rs.si/storage/uploads/0832fc02-01bb-4cf3-90ee-85e3c0dea14f/ebs_397_en_Corruption.pdf
MLT,Malta,Businesses’ Attitudes towards Corruption,2013,https://europa.eu/eurobarometer/api/deliverable/download/file?deliverableId=43914
MLT,Malta,Businesses’ Attitudes towards Corruption,2011,https://www.kpk-rs.si/storage/uploads/e5b7f01f-f505-4782-81f4-25ff77cd8ae4/Eurobarometer_ebs_374_en.pdf
MLT,Malta,Businesses’ Attitudes towards Corruption,2008,https://parlament.mt/media/60626/0963.pdf?utm.pdf
MEX,Mexico,Latin America Anti corruption Assessment,2021-2022,https://www.vancecenter.org/wp-content/uploads/2022/03/Latin-America-Anti-corruption-Assessment-2021-2022.pdf
MEX,Mexico,GLOBAL CORRUPTION BAROMETER LATIN AMERICA & THE CARIBBEAN 2019: Citizen's Views and Experiences of Corruption,2019,https://files.transparencycdn.org/images/2019_GCB_LatinAmerica_Caribbean_Full_Report_200409_091428.pdf
MEX,Mexico,Corrupción en México. Un vistazo estadístico (Corruption in Mexico. A Statistical Overview),2018,https://www.inegi.org.mx/contenidos/inegi/ccu/2018/primera_sesion/presentaciones/corrupcion_en_mexico.pdf
MEX,Mexico,National Survey on Quality and Governmental Impact (ENCIG) 2017,2017,https://www.inegi.org.mx/contenidos/programas/encig/2017/doc/encig2017_son.pdf
MEX,Mexico,PEOPLE AND CORRUPTION: LATIN AMERICA AND THE CARIBBEAN,2017,https://files.transparencycdn.org/images/2017_GCB_AME_EN.pdf
MEX,Mexico,Encuesta Nacional de Corrupción y Buen Gobierno 2003 (National Survey on Corruption and Good Governance 2003),2003,https://www.tm.org.mx/wp-content/uploads/2013/05/Encuesta-Nacional-de-Corrupcion-y-Buen-Gobierno-2003.pdf
MDA,Moldova,ASSESSMENT REPORT OF THE EFFICIENCY OF THE CORRUPTION COMPLAINT MECHANISMS,2022,https://www.capc.md/wp-content/uploads/2022/10/ASSESSMENT-REPORT-OF-THE-EFFICIENCY-OF-THE-CORRUPTION-COMPLAINT-MECHANISMS-IN-THE-PUBLIC-SECTOR-OF-THE-REPUBLIC-OF-MOLDOVA.pdf
MDA,Moldova,Anti-Corruption Reforms in Moldova,2022,https://www.oecd.org/content/dam/oecd/en/publications/reports/2022/05/anti-corruption-reforms-in-moldova_587eace4/9bb0367e-en.pdf
MDA,Moldova,National Integrity and Anti-Corruption Strategy Impact Monitoring survey,2021,"https://files.acquia.undp.org/public/migration/md/Studiu-de-monitorizare-SNIA_Val-3_2021_FINAL_V5_EN.pdf#:~:text=This%20report%20has%20been%20developed%20by%20Centre,by%20the%20Norwegian%20Ministry%20of%20Foreign%20Affairs."
MDA,Moldova,Moldova Anti-Corruption Assessment Final Report,2006,https://www.ifes.org/sites/default/files/migrate/moldovaanti_corr.pdf
MNG,Mongolia,ANTI-СORRUPTION REPORT MONGOLIA H1 2023,2023,https://iaac.mn/files/editor/source/h35.pdf
MNG,Mongolia,ANTI-СORRUPTION REPORT MONGOLIA H1 2022,2022,https://www.global.mn/iaac.mn/files/editor/source/h29.pdf
MNG,Mongolia,"Anti-Corruption Reforms in Mongolia - 4th round of monitoring of the Istanbul Anti-CorruptionAction Plan",2019,https://www.oecd.org/content/dam/oecd/en/publications/reports/2019/01/anti-corruption-reforms-in-mongolia_9352bd31/450db91e-en.pdf
MNG,Mongolia,Anti-Corruption Reforms in Mongolia - Assessment and recommendations  Report,2014,https://www.oecd.org/content/dam/oecd/en/publications/reports/2014/04/anti-corruption-reforms-in-mongolia_01fd6a25/e377de33-en.pdf
MNG,Mongolia,ASSESSMENT OF CORRUPTION IN MONGOLIA: FINAL REPORT,2005,https://forum.mn/uploads/site/1126/res_mat/MongoliaCorruptionAssessmentFinalReportCompleteEN.pdf
NAM,Namibia,National Corruption Perception Survey Report 2016,2016,https://acc.gov.na/documents/31390/31539/National-Corruption-Perception-Survey-Report-2016-Part-01.pdf/4a59006f-f859-11d5-aa06-ed8a69e37fa7
NAM,Namibia,2013 NAMIBIA NATIONAL SURVEY  REPORT ,2013,https://acc.gov.na/documents/31390/31539/namibia-national-survey-report.pdf/b4589ffd-fd6b-940b-1bec-1d5d682b2050
NAM,Namibia,NAMIBIA NATIONAL URBAN CORRUPTION PERCEPTION SURVEY REPORT 2011 ,2011,https://acc.gov.na/documents/31390/31539/20111130-acc-urban-perception-survey-report.pdf/96428148-a61c-0dcc-8c8c-8054d517553f
NAM,Namibia,ONGWEDIVA ANNUAL TRADE FAIR CORRUPTION PERCEPTION SURVEY 2009 ,2009,https://acc.gov.na/documents/31390/31539/ongwediva-survey-report.pdf/3d863fee-b847-0afc-63d5-a03962ff7517
NLD,Netherlands,Citizens' attitudes towards corruption,2025,https://www.kverulant.org/wp-content/uploads/2025/09/Citizens-attitudes-towards-corruption-in-the-EU-in-2025_SP561_report_en.pdf
NLD,Netherlands,Businesses’ Attitudes towards Corruption,2025,https://europa.eu/eurobarometer/api/deliverable/download/file?deliverableId=99735
NLD,Netherlands,Citizens' attitudes towards corruption,2024,https://europa.eu/eurobarometer/api/deliverable/download/file?deliverableId=91813
NLD,Netherlands,Businesses’ Attitudes towards Corruption,2024,https://europa.eu/eurobarometer/api/deliverable/download/file?deliverableId=91236
NLD,Netherlands,Citizens' attitudes towards corruption,2023,https://www.politico.eu/wp-content/uploads/2023/07/12/Citizens_attitudes_corruption_in_EU_2023_sp534_summary_en-2.pdf
NLD,Netherlands,Businesses’ Attitudes towards Corruption,2023,https://europa.eu/eurobarometer/api/deliverable/download/file?deliverableId=87743
NLD,Netherlands,Citizens' attitudes towards corruption,2022,https://www.stopcorrupt.lu/wp-content/uploads/2022/08/Corruption_ebs_523_report_en.pdf
NLD,Netherlands,Citizens' attitudes towards corruption,2020,https://europa.eu/eurobarometer/api/deliverable/download/file?deliverableId=72953
NLD,Netherlands,Businesses’ Attitudes towards Corruption,2019,https://europa.eu/eurobarometer/api/deliverable/download/file?deliverableId=71842
NLD,Netherlands,Citizens' attitudes towards corruption,2017,https://www.kpk-rs.si/storage/uploads/c03f5472-029f-4852-9d84-507d7141ad9b/2017_Eurobarometer-on-corruption_ebs_470_en.pdf
NLD,Netherlands,Businesses’ Attitudes towards Corruption,2017,https://europa.eu/eurobarometer/api/deliverable/download/file?deliverableId=63960
NLD,Netherlands,Businesses’ Attitudes towards Corruption,2015,https://europa.eu/eurobarometer/api/deliverable/download/file?deliverableId=52631
NLD,Netherlands,Citizens' attitudes towards corruption,2013,https://www.kpk-rs.si/storage/uploads/0832fc02-01bb-4cf3-90ee-85e3c0dea14f/ebs_397_en_Corruption.pdf
NLD,Netherlands,Businesses’ Attitudes towards Corruption,2013,https://europa.eu/eurobarometer/api/deliverable/download/file?deliverableId=43915
NLD,Netherlands,Businesses’ Attitudes towards Corruption,2011,https://www.kpk-rs.si/storage/uploads/e5b7f01f-f505-4782-81f4-25ff77cd8ae4/Eurobarometer_ebs_374_en.pdf
NLD,Netherlands,Businesses’ Attitudes towards Corruption,2008,https://parlament.mt/media/60626/0963.pdf?utm.pdf
NZL,New Zealand,OECD Anti-Bribery Convention Phase 4 Report on New Zealand,2024,https://www.oecd.org/content/dam/oecd/en/publications/reports/2024/12/oecd-anti-bribery-convention-phase-4-report-on-new-zealand_f2bc28e6/69557c1c-en.pdf
NZL,New Zealand,New Zealand National Integrity System Assessment - 2018 Update,2018,https://images.transparencycdn.org/images/National-Integrity-System-Assessment-2018-update-full-report.pdf
NZL,New Zealand,New Zealand National Integrity System Assessment,2013,https://images.transparencycdn.org/images/2013_NewZealandNIS_EN.pdf
NZL,New Zealand,"Fraud, Bribery and Corruption Survey 2012",2012,https://media.nzherald.co.nz/webcontent/document/pdf/201311/Fraud-Bribery-and-Corruption.pdf
NGA,Nigeria,Corruption in Nigeria: Patterns and Trends - Third survey on corruption as experienced by the population,2024,https://track.unodc.org/uploads/documents/corruption/Publications/2025/UNODC_Corruption_in_Nigeria_-_patterns_and_trends_2024.pdf
NGA,Nigeria,NIGERIA CORRUPTION INDEX Report of A Pilot Survey  ,2020,https://www.icpc.gov.ng/wp-content/uploads/2024/10/Nigeria-Corruption-Index-Report-of-a-Pilot-Survey-1.pdf
NGA,Nigeria,Corruption in Nigeria: Patterns and Trends Second Survey on Corruption as Experienced by the Population,2019,"https://www.nigerianstat.gov.ng/pdfuploads/Corruption_in_Nigeria_2019.pdf#:~:text=This%20second%20survey%20on%20bribery%20and%20other%20forms,the%2036%20states%20and%20the%20Federal%20Capital%20Territory."
NGA,Nigeria,National Corruption Survey: Corruption in Nigeria - Bribery as Experience by the Population,2017,https://www.nigerianstat.gov.ng/pdfuploads/NBS_NATIONAL_CORRUPTION_SURVEY_2017_RECOVERED%20VOLUME%201_.pdf
MLT,Oman,Citizens' attitudes towards corruption,2017,https://www.kpk-rs.si/storage/uploads/c03f5472-029f-4852-9d84-507d7141ad9b/2017_Eurobarometer-on-corruption_ebs_470_en.pdf
PRY,Paraguay,Latin America Anti corruption Assessment,2021-2022,https://www.vancecenter.org/wp-content/uploads/2022/03/Latin-America-Anti-corruption-Assessment-2021-2022.pdf
PRY,Paraguay,PEOPLE AND CORRUPTION: LATIN AMERICA AND THE CARIBBEAN,2017,https://files.transparencycdn.org/images/2017_GCB_AME_EN.pdf
PRY,Paraguay,Paraguay: Overview of Corruption and Anti-Corruption,2016,https://knowledgehub.transparency.org/assets/uploads/helpdesk/Country_profile_Paraguay_2016.pdf
PER,Peru,Latin America Anti corruption Assessment,2021-2022,https://www.vancecenter.org/wp-content/uploads/2022/03/Latin-America-Anti-corruption-Assessment-2021-2022.pdf
PER,Peru,"Citizen Perception on Governance, Democracy, and Trust in Institutions",2024,https://m.inei.gob.pe/media/MenuRecursivo/boletines/informe-tecnico-de-gobernabilidad-jul-dic-2023-febrero-2024-28-febrero.pdf
PER,Peru,"Perú: Percepción Ciudadana sobre Gobernabilidad, Democracia y Confianza en las Instituciones (Peru: Citizen Perceptions of Governance, Democracy, and Trust in Institutions)",2022,https://www.ipsos.com/sites/default/files/ct/news/documents/2022-09/Encuesta%20Pro%C3%A9tica%202022.pdf
PER,Peru,XI Encuesta nacional anual sobre percepciones de corrupción (XI Annual National Survey on Perceptions of Corruption),2019,https://www.proetica.org.pe/wp-content/uploads/2019/12/XIENCUESTASOBRECORRUPCI%C3%93N2019.pptx
PER,Peru,GLOBAL CORRUPTION BAROMETER LATIN AMERICA & THE CARIBBEAN 2019: Citizen's Views and Experiences of Corruption,2019,https://files.transparencycdn.org/images/2019_GCB_LatinAmerica_Caribbean_Full_Report_200409_091428.pdf
PER,Peru,Décima encuesta nacional sobre percepciones de corrupción (Tenth National Survey on Perceptions of Corruption),2017,https://www.proetica.org.pe/wp-content/uploads/2018/08/Pro%C3%A9tica-X-Encuesta-Nacional-sobre-Corrupci%C3%B3n-1-6.pdf
PER,Peru,PEOPLE AND CORRUPTION: LATIN AMERICA AND THE CARIBBEAN,2017,https://files.transparencycdn.org/images/2017_GCB_AME_EN.pdf
PER,Peru,NOVENA ENCUESTA NACIONAL SOBRE CORRUPCIÓN - 2015,2015,https://www.proetica.org.pe/wp-content/uploads/2018/04/292794637-Novena-Encuesta-nacional-sobre-percepciones-de-la-corrupcion-2015.pdf
PER,Peru,VIII Encuesta Nacional sobre percepciones de la corrupción en el Perú 2013 (VIII National Survey on Perceptions of Corruption in Peru 2013),2013,https://www.proetica.org.pe/wp-content/uploads/2018/08/169243407-VIII-Encuesta-Nacional-sobre-percepciones-de-la-corrupcion-en-el-Peru-2013-2.pdf
PER,Peru,VII Encuesta Nacional sobre percepciones de la corrupción en el Perú 2012 (VII National Survey on Perceptions of Corruption in Peru 201),2012,https://www.proetica.org.pe/wp-content/uploads/2018/04/317736944-Septima-Encuesta-Nacional-sobre-percepciones-de-la-corrupcion-2012.pdf
PER,Peru,Sexta Encuesta Nacional sobre percepciones de la corrupción en el Perú (Sixth National Survey on Perceptions of Corruption in Peru),2010,https://www.proetica.org.pe/wp-content/uploads/2018/08/46759836-Sexta-Encuesta-Nacional-sobre-Corrupcion-2010-1.pdf
PHL,Philippines,Corruption and Anti-Corruption Efforts in the Philippines,2023,https://knowledgehub.transparency.org/assets/uploads/helpdesk/ForPublishing_Corruption-and-anti-corruption-efforts-in-the-Philippines.pdf
PHL,Philippines,2017 National Household Survey on Experience with Corruption in the Philippines,2017,https://www.ombudsman.gov.ph/docs/08%20Resources/2017%20National%20Household%20Survey%20on%20Experience%20with%20Corruption%20in%20the%20Philippines.pdf
PHL,Philippines,2016 National Household Survey on Experience with Corruption in the Philippines,2016,https://www.ombudsman.gov.ph/docs/08%20Resources/2016%20National%20Household%20Survey%20on%20Experience%20with%20Corruption%20in%20the%20Philippines.pdf
PHL,Philippines,National Statistical Report on the Survey on Corruption ,2013,https://ombudsman.gov.ph/UNDP4/wp-content/uploads/2013/01/G_SURVEY_RESULTS_HTML.pdf
PHL,Philippines,Corruption and Anti-Corruption in the Philippines,2013,https://knowledgehub.transparency.org/assets/uploads/helpdesk/Country_profile_Philippines_2013.pdf
PHL,Philippines,UN Convention Against Corruption Civil Society Review: Philippines,2012,https://uncaccoalition.org/files/cso-review-reports/year2-philippines-report.pdf
POL,Poland,Citizens' attitudes towards corruption,2025,https://www.kverulant.org/wp-content/uploads/2025/09/Citizens-attitudes-towards-corruption-in-the-EU-in-2025_SP561_report_en.pdf
POL,Poland,Businesses’ Attitudes towards Corruption,2025,https://europa.eu/eurobarometer/api/deliverable/download/file?deliverableId=99736
POL,Poland,Citizens' attitudes towards corruption,2024,https://europa.eu/eurobarometer/api/deliverable/download/file?deliverableId=91814
POL,Poland,Businesses’ Attitudes towards Corruption,2024,https://europa.eu/eurobarometer/api/deliverable/download/file?deliverableId=91237
POL,Poland,Citizens' attitudes towards corruption,2023,https://www.politico.eu/wp-content/uploads/2023/07/12/Citizens_attitudes_corruption_in_EU_2023_sp534_summary_en-2.pdf
POL,Poland,Businesses’ Attitudes towards Corruption,2023,https://europa.eu/eurobarometer/api/deliverable/download/file?deliverableId=87744
POL,Poland,Citizens' attitudes towards corruption,2022,https://www.stopcorrupt.lu/wp-content/uploads/2022/08/Corruption_ebs_523_report_en.pdf
POL,Poland,Citizens' attitudes towards corruption,2020,https://europa.eu/eurobarometer/api/deliverable/download/file?deliverableId=72954
POL,Poland,Businesses’ Attitudes towards Corruption,2019,https://europa.eu/eurobarometer/api/deliverable/download/file?deliverableId=71843
POL,Poland,Citizens' attitudes towards corruption,2017,https://www.kpk-rs.si/storage/uploads/c03f5472-029f-4852-9d84-507d7141ad9b/2017_Eurobarometer-on-corruption_ebs_470_en.pdf
POL,Poland,Businesses’ Attitudes towards Corruption,2017,https://europa.eu/eurobarometer/api/deliverable/download/file?deliverableId=63961
POL,Poland,Businesses’ Attitudes towards Corruption,2015,https://europa.eu/eurobarometer/api/deliverable/download/file?deliverableId=52632
POL,Poland,Citizens' attitudes towards corruption,2013,https://www.kpk-rs.si/storage/uploads/0832fc02-01bb-4cf3-90ee-85e3c0dea14f/ebs_397_en_Corruption.pdf
POL,Poland,Businesses’ Attitudes towards Corruption,2013,https://europa.eu/eurobarometer/api/deliverable/download/file?deliverableId=43916
POL,Poland,Businesses’ Attitudes towards Corruption,2011,https://www.kpk-rs.si/storage/uploads/e5b7f01f-f505-4782-81f4-25ff77cd8ae4/Eurobarometer_ebs_374_en.pdf
POL,Poland,Businesses’ Attitudes towards Corruption,2008,https://parlament.mt/media/60626/0963.pdf?utm.pdf
PRT,Portugal,Citizens' attitudes towards corruption,2025,https://www.kverulant.org/wp-content/uploads/2025/09/Citizens-attitudes-towards-corruption-in-the-EU-in-2025_SP561_report_en.pdf
PRT,Portugal,Businesses’ Attitudes towards Corruption,2025,https://europa.eu/eurobarometer/api/deliverable/download/file?deliverableId=99737
PRT,Portugal,Citizens' attitudes towards corruption,2024,https://europa.eu/eurobarometer/api/deliverable/download/file?deliverableId=91815
PRT,Portugal,Businesses’ Attitudes towards Corruption,2024,https://europa.eu/eurobarometer/api/deliverable/download/file?deliverableId=91238
PRT,Portugal,Citizens' attitudes towards corruption,2023,https://www.politico.eu/wp-content/uploads/2023/07/12/Citizens_attitudes_corruption_in_EU_2023_sp534_summary_en-2.pdf
PRT,Portugal,Businesses’ Attitudes towards Corruption,2023,https://europa.eu/eurobarometer/api/deliverable/download/file?deliverableId=87745
PRT,Portugal,Citizens' attitudes towards corruption,2022,https://www.stopcorrupt.lu/wp-content/uploads/2022/08/Corruption_ebs_523_report_en.pdf
PRT,Portugal,Citizens' attitudes towards corruption,2020,https://europa.eu/eurobarometer/api/deliverable/download/file?deliverableId=72955
PRT,Portugal,Businesses’ Attitudes towards Corruption,2019,https://europa.eu/eurobarometer/api/deliverable/download/file?deliverableId=71844
PRT,Portugal,Citizens' attitudes towards corruption,2017,https://www.kpk-rs.si/storage/uploads/c03f5472-029f-4852-9d84-507d7141ad9b/2017_Eurobarometer-on-corruption_ebs_470_en.pdf
PRT,Portugal,Businesses’ Attitudes towards Corruption,2017,https://europa.eu/eurobarometer/api/deliverable/download/file?deliverableId=63962
PRT,Portugal,Businesses’ Attitudes towards Corruption,2015,https://europa.eu/eurobarometer/api/deliverable/download/file?deliverableId=52633
PRT,Portugal,Citizens' attitudes towards corruption,2013,https://www.kpk-rs.si/storage/uploads/0832fc02-01bb-4cf3-90ee-85e3c0dea14f/ebs_397_en_Corruption.pdf
PRT,Portugal,Businesses’ Attitudes towards Corruption,2013,https://europa.eu/eurobarometer/api/deliverable/download/file?deliverableId=43917
PRT,Portugal,Businesses’ Attitudes towards Corruption,2011,https://www.kpk-rs.si/storage/uploads/e5b7f01f-f505-4782-81f4-25ff77cd8ae4/Eurobarometer_ebs_374_en.pdf
PRT,Portugal,Businesses’ Attitudes towards Corruption,2008,https://parlament.mt/media/60626/0963.pdf?utm.pdf
ROU,Romania,Citizens' attitudes towards corruption,2025,https://www.kverulant.org/wp-content/uploads/2025/09/Citizens-attitudes-towards-corruption-in-the-EU-in-2025_SP561_report_en.pdf
ROU,Romania,Businesses’ Attitudes towards Corruption,2025,https://europa.eu/eurobarometer/api/deliverable/download/file?deliverableId=99738
ROU,Romania,Citizens' attitudes towards corruption,2024,https://europa.eu/eurobarometer/api/deliverable/download/file?deliverableId=91816
ROU,Romania,Businesses’ Attitudes towards Corruption,2024,https://europa.eu/eurobarometer/api/deliverable/download/file?deliverableId=91239
ROU,Romania,Citizens' attitudes towards corruption,2023,https://www.politico.eu/wp-content/uploads/2023/07/12/Citizens_attitudes_corruption_in_EU_2023_sp534_summary_en-2.pdf
ROU,Romania,Businesses’ Attitudes towards Corruption,2023,https://europa.eu/eurobarometer/api/deliverable/download/file?deliverableId=87746
ROU,Romania,Citizens' attitudes towards corruption,2022,https://www.stopcorrupt.lu/wp-content/uploads/2022/08/Corruption_ebs_523_report_en.pdf
ROU,Romania,Citizens' attitudes towards corruption,2020,https://europa.eu/eurobarometer/api/deliverable/download/file?deliverableId=72956
ROU,Romania,Businesses’ Attitudes towards Corruption,2019,https://europa.eu/eurobarometer/api/deliverable/download/file?deliverableId=71845
ROU,Romania,Citizens' attitudes towards corruption,2017,https://www.kpk-rs.si/storage/uploads/c03f5472-029f-4852-9d84-507d7141ad9b/2017_Eurobarometer-on-corruption_ebs_470_en.pdf
ROU,Romania,Businesses’ Attitudes towards Corruption,2017,https://europa.eu/eurobarometer/api/deliverable/download/file?deliverableId=63963
ROU,Romania,Businesses’ Attitudes towards Corruption,2015,https://europa.eu/eurobarometer/api/deliverable/download/file?deliverableId=52634
ROU,Romania,Citizens' attitudes towards corruption,2013,https://www.kpk-rs.si/storage/uploads/0832fc02-01bb-4cf3-90ee-85e3c0dea14f/ebs_397_en_Corruption.pdf
ROU,Romania,Businesses’ Attitudes towards Corruption,2013,https://europa.eu/eurobarometer/api/deliverable/download/file?deliverableId=43918
ROU,Romania,Businesses’ Attitudes towards Corruption,2011,https://www.kpk-rs.si/storage/uploads/e5b7f01f-f505-4782-81f4-25ff77cd8ae4/Eurobarometer_ebs_374_en.pdf
ROU,Romania,Businesses’ Attitudes towards Corruption,2008,https://parlament.mt/media/60626/0963.pdf?utm.pdf
RUS,Russia,Report on institutional performance and corruption,2014,https://anticorrp.eu/wp-content/uploads/2014/10/Russia.pdf
RUS,Russia,Corruption and informal practices in Russia ,2012,https://gce.unisg.ch/fileadmin/user_upload/HSG_ROOT/Institut_GCE/Euxeinos/7/Euxeinos_7_2012.pdf
SRB,Serbia,Serbia Corruption Benchmarking Survey,2010,https://files.acquia.undp.org/public/migration/rs/UNDP_SRB_Corruption_benchmarking_Oct-10.pdf
SGP,Singapore,Specialised Anti-Corruption Institutions: Review of Models,2008,https://www.oecd.org/content/dam/oecd/en/publications/reports/2008/01/specialised-anti-corruption-institutions_2128619c/caa9bbe8-en.pdf
SVK,Slovak Republic,OECD Integrity Review of the Slovak Republic,2022,https://www.oecd.org/content/dam/oecd/en/publications/reports/2022/03/oecd-integrity-review-of-the-slovak-republic_70043442/45bd4657-en.pdf
SVK,Slovak Republic,Tackling Fraud and Corruption Risk in the Slovak Republic,2019,https://www.oecd.org/content/dam/oecd/en/publications/reports/2019/10/tackling-fraud-and-corruption-risks-in-the-slovak-republic_a8500b2d/6b8da11a-en.pdf
SVK,Slovak Republic,National Integrity System Assessment Slovak Republic,2011,https://images.transparencycdn.org/images/2011_NIS_SlovakExecSummary_EN.pdf
SVK,Slovak Republic,A diagnosis of Corruption in Slovakia,2010,https://www.againstcorruption.eu/wp-content/uploads/2012/09/WP-13-Diagnosis-of-Corruption-in-Slovakia-new.pdf
SVK,Slovakia,Citizens' attitudes towards corruption,2025,https://www.kverulant.org/wp-content/uploads/2025/09/Citizens-attitudes-towards-corruption-in-the-EU-in-2025_SP561_report_en.pdf
SVK,Slovakia,Businesses’ Attitudes towards Corruption,2025,https://europa.eu/eurobarometer/api/deliverable/download/file?deliverableId=99739
SVK,Slovakia,Citizens' attitudes towards corruption,2024,https://europa.eu/eurobarometer/api/deliverable/download/file?deliverableId=91817
SVK,Slovakia,Businesses’ Attitudes towards Corruption,2024,https://europa.eu/eurobarometer/api/deliverable/download/file?deliverableId=91240
SVK,Slovakia,Citizens' attitudes towards corruption,2023,https://www.politico.eu/wp-content/uploads/2023/07/12/Citizens_attitudes_corruption_in_EU_2023_sp534_summary_en-2.pdf
SVK,Slovakia,Businesses’ Attitudes towards Corruption,2023,https://europa.eu/eurobarometer/api/deliverable/download/file?deliverableId=87747
SVK,Slovakia,Citizens' attitudes towards corruption,2022,https://www.stopcorrupt.lu/wp-content/uploads/2022/08/Corruption_ebs_523_report_en.pdf
SVK,Slovakia,Citizens' attitudes towards corruption,2020,https://europa.eu/eurobarometer/api/deliverable/download/file?deliverableId=72957
SVK,Slovakia,Businesses’ Attitudes towards Corruption,2019,https://europa.eu/eurobarometer/api/deliverable/download/file?deliverableId=71846
SVK,Slovakia,Citizens' attitudes towards corruption,2017,https://www.kpk-rs.si/storage/uploads/c03f5472-029f-4852-9d84-507d7141ad9b/2017_Eurobarometer-on-corruption_ebs_470_en.pdf
SVK,Slovakia,Businesses’ Attitudes towards Corruption,2017,https://europa.eu/eurobarometer/api/deliverable/download/file?deliverableId=63964
SVK,Slovakia,Businesses’ Attitudes towards Corruption,2015,https://europa.eu/eurobarometer/api/deliverable/download/file?deliverableId=52635
SVK,Slovakia,Citizens' attitudes towards corruption,2013,https://www.kpk-rs.si/storage/uploads/0832fc02-01bb-4cf3-90ee-85e3c0dea14f/ebs_397_en_Corruption.pdf
SVK,Slovakia,Businesses’ Attitudes towards Corruption,2013,https://europa.eu/eurobarometer/api/deliverable/download/file?deliverableId=43919
SVK,Slovakia,Businesses’ Attitudes towards Corruption,2011,https://www.kpk-rs.si/storage/uploads/e5b7f01f-f505-4782-81f4-25ff77cd8ae4/Eurobarometer_ebs_374_en.pdf
SVK,Slovakia,Businesses’ Attitudes towards Corruption,2008,https://parlament.mt/media/60626/0963.pdf?utm.pdf
SVN,Slovenia,Citizens' attitudes towards corruption,2025,https://www.kverulant.org/wp-content/uploads/2025/09/Citizens-attitudes-towards-corruption-in-the-EU-in-2025_SP561_report_en.pdf
SVN,Slovenia,Businesses’ Attitudes towards Corruption,2025,https://europa.eu/eurobarometer/api/deliverable/download/file?deliverableId=99740
SVN,Slovenia,Citizens' attitudes towards corruption,2024,https://europa.eu/eurobarometer/api/deliverable/download/file?deliverableId=91818
SVN,Slovenia,Businesses’ Attitudes towards Corruption,2024,https://europa.eu/eurobarometer/api/deliverable/download/file?deliverableId=91241
SVN,Slovenia,Citizens' attitudes towards corruption,2023,https://www.politico.eu/wp-content/uploads/2023/07/12/Citizens_attitudes_corruption_in_EU_2023_sp534_summary_en-2.pdf
SVN,Slovenia,Businesses’ Attitudes towards Corruption,2023,https://europa.eu/eurobarometer/api/deliverable/download/file?deliverableId=87748
SVN,Slovenia,Citizens' attitudes towards corruption,2022,https://www.stopcorrupt.lu/wp-content/uploads/2022/08/Corruption_ebs_523_report_en.pdf
SVN,Slovenia,Implementing the OECD Anti-Bribery Convention,2021,https://www.oecd.org/content/dam/oecd/en/publications/reports/2021/05/implementing-the-oecd-anti-bribery-convention-phase-4-report-slovenia_0c5dd576/9c63ac82-en.pdf
SVN,Slovenia,Citizens' attitudes towards corruption,2020,https://europa.eu/eurobarometer/api/deliverable/download/file?deliverableId=72958
SVN,Slovenia,Businesses’ Attitudes towards Corruption,2019,https://europa.eu/eurobarometer/api/deliverable/download/file?deliverableId=71847
SVN,Slovenia,Citizens' attitudes towards corruption,2017,https://www.kpk-rs.si/storage/uploads/c03f5472-029f-4852-9d84-507d7141ad9b/2017_Eurobarometer-on-corruption_ebs_470_en.pdf
SVN,Slovenia,Businesses’ Attitudes towards Corruption,2017,https://europa.eu/eurobarometer/api/deliverable/download/file?deliverableId=63965
SVN,Slovenia,Businesses’ Attitudes towards Corruption,2015,https://europa.eu/eurobarometer/api/deliverable/download/file?deliverableId=52636
SVN,Slovenia,Phase 3 Report on Implementing the OECD Anti-Bribery Convention,2014,https://www.kpk-rs.si/storage/uploads/651ac7c1-41b0-45bd-9baf-1d893b907270/SloveniaPhase3ReportEN.pdf
SVN,Slovenia,Citizens' attitudes towards corruption,2013,https://www.kpk-rs.si/storage/uploads/0832fc02-01bb-4cf3-90ee-85e3c0dea14f/ebs_397_en_Corruption.pdf
SVN,Slovenia,Businesses’ Attitudes towards Corruption,2013,https://europa.eu/eurobarometer/api/deliverable/download/file?deliverableId=43920
SVN,Slovenia,National Integrity System Assessment Slovenia,2011,https://images.transparencycdn.org/images/2011_NIS_SloveniaKeyFindings_EN.pdf
SVN,Slovenia,Businesses’ Attitudes towards Corruption,2011,https://www.kpk-rs.si/storage/uploads/e5b7f01f-f505-4782-81f4-25ff77cd8ae4/Eurobarometer_ebs_374_en.pdf
SVN,Slovenia,Businesses’ Attitudes towards Corruption,2008,https://parlament.mt/media/60626/0963.pdf?utm.pdf
ZAF,South Africa,OECD Anti-Bribery Convention Phase 4 Report on South Africa,2025,https://www.oecd.org/content/dam/oecd/en/publications/reports/2025/07/oecd-anti-bribery-convention-phase-4-report-on-south-africa_2ad373e8/32776d08-en.pdf
ZAF,South Africa, Country Corruption Assessment Report,2003,https://www.gov.za/sites/default/files/gcis_document/201409/corruption1.pdf
ZAF,South Africa,Country Corruption Assessment Report,2003,https://d7.westerncape.gov.za/sites/www.westerncape.gov.za/files/documents/2004/4/sacorruptionassessmentreport2003.pdf
ESP,Spain,Citizens' attitudes towards corruption,2025,https://www.kverulant.org/wp-content/uploads/2025/09/Citizens-attitudes-towards-corruption-in-the-EU-in-2025_SP561_report_en.pdf
ESP,Spain,Businesses’ Attitudes towards Corruption,2025,https://europa.eu/eurobarometer/api/deliverable/download/file?deliverableId=99741
ESP,Spain,Citizens' attitudes towards corruption,2024,https://europa.eu/eurobarometer/api/deliverable/download/file?deliverableId=91819
ESP,Spain,Businesses’ Attitudes towards Corruption,2024,https://europa.eu/eurobarometer/api/deliverable/download/file?deliverableId=91242
ESP,Spain,Citizens' attitudes towards corruption,2023,https://www.politico.eu/wp-content/uploads/2023/07/12/Citizens_attitudes_corruption_in_EU_2023_sp534_summary_en-2.pdf
ESP,Spain,Businesses’ Attitudes towards Corruption,2023,https://europa.eu/eurobarometer/api/deliverable/download/file?deliverableId=87749
ESP,Spain,Citizens' attitudes towards corruption,2022,https://www.stopcorrupt.lu/wp-content/uploads/2022/08/Corruption_ebs_523_report_en.pdf
ESP,Spain,Citizens' attitudes towards corruption,2020,https://europa.eu/eurobarometer/api/deliverable/download/file?deliverableId=72959
ESP,Spain,Businesses’ Attitudes towards Corruption,2019,https://europa.eu/eurobarometer/api/deliverable/download/file?deliverableId=71848
ESP,Spain,Citizens' attitudes towards corruption,2017,https://www.kpk-rs.si/storage/uploads/c03f5472-029f-4852-9d84-507d7141ad9b/2017_Eurobarometer-on-corruption_ebs_470_en.pdf
ESP,Spain,Businesses’ Attitudes towards Corruption,2017,https://europa.eu/eurobarometer/api/deliverable/download/file?deliverableId=63966
ESP,Spain,Businesses’ Attitudes towards Corruption,2015,https://europa.eu/eurobarometer/api/deliverable/download/file?deliverableId=52637
ESP,Spain,Citizens' attitudes towards corruption,2013,https://www.kpk-rs.si/storage/uploads/0832fc02-01bb-4cf3-90ee-85e3c0dea14f/ebs_397_en_Corruption.pdf
ESP,Spain,Businesses’ Attitudes towards Corruption,2013,https://europa.eu/eurobarometer/api/deliverable/download/file?deliverableId=43921
ESP,Spain,Businesses’ Attitudes towards Corruption,2011,https://www.kpk-rs.si/storage/uploads/e5b7f01f-f505-4782-81f4-25ff77cd8ae4/Eurobarometer_ebs_374_en.pdf
ESP,Spain,Businesses’ Attitudes towards Corruption,2008,https://parlament.mt/media/60626/0963.pdf?utm.pdf
SWE,Sweden,Citizens' attitudes towards corruption,2025,https://www.kverulant.org/wp-content/uploads/2025/09/Citizens-attitudes-towards-corruption-in-the-EU-in-2025_SP561_report_en.pdf
SWE,Sweden,Businesses’ Attitudes towards Corruption,2025,https://europa.eu/eurobarometer/api/deliverable/download/file?deliverableId=99742
SWE,Sweden,Citizens' attitudes towards corruption,2024,https://europa.eu/eurobarometer/api/deliverable/download/file?deliverableId=91820
SWE,Sweden,Businesses’ Attitudes towards Corruption,2024,https://europa.eu/eurobarometer/api/deliverable/download/file?deliverableId=91243
SWE,Sweden,Citizens' attitudes towards corruption,2023,https://www.politico.eu/wp-content/uploads/2023/07/12/Citizens_attitudes_corruption_in_EU_2023_sp534_summary_en-2.pdf
SWE,Sweden,Businesses’ Attitudes towards Corruption,2023,https://europa.eu/eurobarometer/api/deliverable/download/file?deliverableId=87750
SWE,Sweden,Citizens' attitudes towards corruption,2022,https://www.stopcorrupt.lu/wp-content/uploads/2022/08/Corruption_ebs_523_report_en.pdf
SWE,Sweden,Citizens' attitudes towards corruption,2020,https://europa.eu/eurobarometer/api/deliverable/download/file?deliverableId=72960
SWE,Sweden,Businesses’ Attitudes towards Corruption,2019,https://europa.eu/eurobarometer/api/deliverable/download/file?deliverableId=71849
SWE,Sweden,Citizens' attitudes towards corruption,2017,https://www.kpk-rs.si/storage/uploads/c03f5472-029f-4852-9d84-507d7141ad9b/2017_Eurobarometer-on-corruption_ebs_470_en.pdf
SWE,Sweden,Businesses’ Attitudes towards Corruption,2017,https://europa.eu/eurobarometer/api/deliverable/download/file?deliverableId=63967
SWE,Sweden,Businesses’ Attitudes towards Corruption,2015,https://europa.eu/eurobarometer/api/deliverable/download/file?deliverableId=52638
SWE,Sweden,Citizens' attitudes towards corruption,2013,https://www.kpk-rs.si/storage/uploads/0832fc02-01bb-4cf3-90ee-85e3c0dea14f/ebs_397_en_Corruption.pdf
SWE,Sweden,Businesses’ Attitudes towards Corruption,2013,https://europa.eu/eurobarometer/api/deliverable/download/file?deliverableId=43922
SWE,Sweden,Businesses’ Attitudes towards Corruption,2011,https://www.kpk-rs.si/storage/uploads/e5b7f01f-f505-4782-81f4-25ff77cd8ae4/Eurobarometer_ebs_374_en.pdf
SWE,Sweden,Businesses’ Attitudes towards Corruption,2008,https://parlament.mt/media/60626/0963.pdf?utm.pdf
THA,Thailand,OECD Integrity Review of Thailand,2018,https://www.oecd.org/content/dam/oecd/en/publications/reports/2018/03/oecd-integrity-review-of-thailand_g1g8a993/9789264291928-en.pdf
TUR,Turkey,Corruption Assessment Report Turkey,2014,https://www.tesev.org.tr/wp-content/uploads/report_Corruption_Assessment_Report_For_Turkey.pdf
TUR,Turkey,Corruption Assessment Report,2014,https://seldi.net/fileadmin/public/PDF/Publications/CAR_Turkey/CAR_Turkey_English_Final2.pdf
TUR,Turkey,Overview of Corruption and Anti-Corruption,2012,https://www.u4.no/publications/overview-of-corruption-and-anti-corruption-in-turkey.pdf
TUR,Turkey,Ethics for the Prevention of Corruption in Turkey (TYEC),2009,https://rm.coe.int/16806eef3a
UKR,Ukraine,Ukraine Fifth Round of Anti-Corruption Monitoring Follow-up Report,2025,https://www.oecd.org/content/dam/oecd/en/publications/reports/2025/09/ukraine-fifth-round-of-anti-corruption-monitoring-follow-up-report_218cbaa8/097f0a38-en.pdf
UKR,Ukraine,"Corruption in Ukraine 2024: Understanding, Perception, Prevalence",2024,https://www.sapiens.com.ua/publications/socpol-research/333/%D0%97%D0%B2%D1%96%D1%82_IS_NACP_2024_ENG.pdf
UKR,Ukraine,"Corruption in Ukraine 2022: Understanding, Perception, Prevalence",2022,https://nazk.gov.ua/wp-content/uploads/2022/08/NACP_report_Info-Sapiens_2021_ENG_Final.pdf
UKR,Ukraine,"Corruption in Ukraine 2021: Understanding, Perception, Prevalence",2021,https://nazk.gov.ua/wp-content/uploads/2023/05/KORUPTSIYA-V-UKRAYINI-2022-analitychnyj-zvit_Engl_final.pdf
GBR,United Kingdom,Citizens' attitudes towards corruption,2024,https://europa.eu/eurobarometer/api/deliverable/download/file?deliverableId=91821
GBR,United Kingdom,Citizens' attitudes towards corruption,2020,https://europa.eu/eurobarometer/api/deliverable/download/file?deliverableId=72961
GBR,United Kingdom,Businesses’ Attitudes towards Corruption,2019,https://europa.eu/eurobarometer/api/deliverable/download/file?deliverableId=71850
GBR,United Kingdom,Citizens' attitudes towards corruption,2017,https://www.kpk-rs.si/storage/uploads/c03f5472-029f-4852-9d84-507d7141ad9b/2017_Eurobarometer-on-corruption_ebs_470_en.pdf
GBR,United Kingdom,Businesses’ Attitudes towards Corruption,2017,https://europa.eu/eurobarometer/api/deliverable/download/file?deliverableId=63968
GBR,United Kingdom,Businesses’ Attitudes towards Corruption,2015,https://europa.eu/eurobarometer/api/deliverable/download/file?deliverableId=52639
GBR,United Kingdom,Businesses’ Attitudes towards Corruption,2013,https://europa.eu/eurobarometer/api/deliverable/download/file?deliverableId=43923
GBR,United Kingdom,Businesses’ Attitudes towards Corruption,2011,https://www.kpk-rs.si/storage/uploads/e5b7f01f-f505-4782-81f4-25ff77cd8ae4/Eurobarometer_ebs_374_en.pdf
GBR,United Kingdom,Corruption in the UK part one National Opinion Survey,2010,https://archive.transparency.org.uk/sites/default/files/pdf/publications/Corruption_in_the_UK-_Part_One_-_National_Opinion_Survey.pdf
GBR,United Kingdom,Businesses’ Attitudes towards Corruption,2008,https://parlament.mt/media/60626/0963.pdf?utm.pdf
GBR,United States,GLOBAL CORRUPTION BAROMETER LATIN AMERICA & THE CARIBBEAN 2019: Citizen's Views and Experiences of Corruption,2019,https://files.transparencycdn.org/images/2019_GCB_LatinAmerica_Caribbean_Full_Report_200409_091428.pdf
VEN,Venezuela,Latin America Anti corruption Assessment,2021-2022,https://www.vancecenter.org/wp-content/uploads/2022/03/Latin-America-Anti-corruption-Assessment-2021-2022.pdf
VEN,Venezuela,GLOBAL CORRUPTION BAROMETER LATIN AMERICA & THE CARIBBEAN 2019: Citizen's Views and Experiences of Corruption,2019,https://files.transparencycdn.org/images/2019_GCB_LatinAmerica_Caribbean_Full_Report_200409_091428.pdf
VEN,Venezuela,PEOPLE AND CORRUPTION: LATIN AMERICA AND THE CARIBBEAN,2017,https://files.transparencycdn.org/images/2017_GCB_AME_EN.pdf,