ISO3_Code,Country,Main Country Profile Link,Review Cycle 1 - Summary,Review Cycle 1 - PDF Link,Review Cycle 2 - Summary,Review Cycle 2 - Link
ALB,Albania,https://www.unodc.org/corruption/en/country-profiles/data/ALB.html,The review underscored progress in criminalizing bribery (national, foreign, and private sector), trading in influence, money laundering, embezzlement, abuse of functions, and establishing liability for legal persons, supported by specialized prosecutors, police units, and the Financial Intelligence Unit (FIU). Key strengths include mandatory prosecution, robust confiscation provisions, witness protection, and cooperation incentives. However, gaps persist in addressing illicit enrichment, interference with evidence, entity-related bribery, and asset management. The recommendations call for expanding criminalization, strengthening protections for whistleblowers and experts, improving regulation of confiscated assets, disqualifying corrupt officials from state-owned enterprises, and enhancing extradition, mutual legal assistance, and reintegration measures.,https://www.unodc.org/documents/treaties/UNCAC/WorkingGroups/ImplementationReviewGroup/ExecutiveSummaries/V1601967e.pdf,The review noted Albania’s reforms under the second UNCAC cycle, including a national anti-corruption strategy, whistleblower protection, asset declarations, procurement and financial regulations, access-to-information rules, and AML measures. Good practices included Integrity Week, beneficial ownership registers, asset declaration portals, and strong international cooperation. However, challenges remained in regulating high-risk posts, ensuring transparency in political financing, protecting whistleblower anonymity, strengthening procurement oversight, addressing judicial backlogs, and improving asset recovery. The review recommended institutional strengthening, legislative reforms, and clearer rules for asset return.,https://track.unodc.org/uploads/documents/UNCAC/WorkingGroups/ImplementationReviewGroup/1-5September2025/CAC-COSP-IRG-II-1-1-Add.26/2508863E.pdf
ARG,Argentina,https://www.unodc.org/corruption/en/country-profiles/data/ARG.html,The review highlighted that the country the convention enforces it through the Constitution, Criminal Code, and related laws, with institutions such as the Anti-Corruption Office, specialized prosecutors, financial intelligence unit , and oversight bodies. Its framework criminalizes bribery (domestic, foreign, and trading in influence), embezzlement, abuse of functions, illicit enrichment, money laundering (including self-laundering), obstruction of justice, and some liability of legal persons, with good practices like broad AML provisions, confiscation powers, whistle-blower protections, and active roles of the Anti-Corruption Office and NGOs. Challenges remain in fully extending corporate liability, criminalizing bribery of foreign officials more clearly,https://www.unodc.org/documents/treaties/UNCAC/WorkingGroups/ImplementationReviewGroup/ExecutiveSummaries/V1388719Ae.pdf,The review highlighted Argentina’s comprehensive anti-corruption framework under the Constitution, Criminal Code, AML and procurement laws, with institutions such as the Anti-Corruption Office, Financial Intelligence Unit (FIU), Comptroller and Auditor General, and National Procurement Office. Good practices included the 2019–2023 National Anti-Corruption Plan, integrity committees, ethics codes, procurement portals, access-to-information laws, and the Integrity and Transparency Registry for Enterprises. However, the review noted challenges in regulating Anti-Corruption Office appointments, ensuring merit-based recruitment, improving campaign finance transparency, addressing procurement conflicts of interest, strengthening whistleblower protections, and expanding AML coverage.,https://track.unodc.org/uploads/documents/UNCAC/WorkingGroups/ImplementationReviewGroup/1-5September2025/CAC-COSP-IRG-II-3-1-Add.18/2508866E.pdf
ARM,Armenia,https://www.unodc.org/corruption/en/country-profiles/data/ARM.html,"The review noted incorporation of the Convention into the country's legal framework, criminalizing bribery, money laundering, embezzlement, and related offences. However, it identified shortcomings, including the limited applicability of the law to legal entities, weak enforcement, and insufficient use of measures such as witness protection and asset confiscation. It recommended clarifying and strengthening legal definitions, enhancing coordination among anti-corruption institutions, and improving case management and technical capacity.",https://www.unodc.org/documents/treaties/UNCAC/WorkingGroups/ImplementationReviewGroup/ExecutiveSummaries/V1501516e.pdf,"The review confirms that the Convention has been incorporated into the national legal framework, with bribery, money laundering, embezzlement, and related offences criminalized. Nonetheless, the review identifies shortcomings, including insufficient regulation of legal entities, weak enforcement in practice, and limited use of measures such as witness protection and asset confiscation. It recommends refining legal definitions, enhancing coordination among anti-corruption institutions, and strengthening case management systems and technical capacities to improve overall implementation.",https://www.unodc.org/documents/treaties/UNCAC/WorkingGroups/ImplementationReviewGroup/ExecutiveSummaries2/V2102056_E.pdf
AUS,Australia,https://www.unodc.org/corruption/en/country-profiles/data/AUS.html,"The review highlighted the country's multi-agency anti-corruption framework involving the Australian Commission for Law Enforcement Integrity, the Federal Police, the Crime Commission, and the Ombudsman. The legal framework criminalizes bribery of national and foreign officials, trading in influence, embezzlement, money laundering, abuse of functions, obstruction of justice, and establishes liability of legal persons, supported by strong enforcement tools such as unexplained wealth orders and non-conviction-based forfeiture under the Proceeds of Crime Act. Good practices noted included Australia’s broad jurisdiction over foreign bribery, the imposition of severe sanctions, and the principle that parliamentarians enjoy no immunity. At the same time, the review recommended phasing out facilitation payments, introducing comprehensive whistleblower protection, adopting a national anti-corruption strategy, and further strengthening mutual legal assistance and extradition procedures.",https://www.unodc.org/documents/treaties/UNCAC/WorkingGroups/ImplementationReviewGroup/ExecutiveSummaries/V1253616e.pdf,"The review noted Australia’s strengthened anti-corruption framework through the Criminal Code, the Proceeds of Crime Act, the Anti-Money Laundering and Counter-Terrorism Financing (AML/CTF) Act, and various integrity laws, implemented by agencies such as the Australian Commission for Law Enforcement Integrity (ACLEI), the Australian Federal Police (AFP), the Australian Transaction Reports and Analysis Centre (AUSTRAC), and the Ombudsman. Good practices included the Open Government Action Plan, robust AML/CTF systems, whistleblower protection, the Fintel Alliance, and transparent budget reporting. However, the review identified gaps in political donation thresholds, regulation of gifts and conflicts of interest, AML coverage of non-financial professions, beneficial ownership transparency, and asset return procedures. It recommended legislative reforms, stronger monitoring, and clearer mechanisms for asset recovery.",https://www.unodc.org/documents/treaties/UNCAC/WorkingGroups/ImplementationReviewGroup/ExecutiveSummaries2/V1808730e.pdf
AUT,Austria,https://www.unodc.org/corruption/en/country-profiles/data/AUT.html,"The review notes establishment of a strong framework with the Penal and Criminal Procedure Codes, Federal Bureau of  Anti-Corruption (BAK), and Central Office for Prosecuting Economic Crimes and Corruption. It criminalizes domestic and foreign bribery, trading in influence, private sector bribery, money laundering, embezzlement, abuse of functions, obstruction of justice, and liability of legal persons, with good practices like extended forfeiture and broad jurisdiction. Gaps remain in illicit enrichment, preparatory acts, some obstruction offences, weak corporate liability, and limited sanctions, with recommendations for stronger asset declarations, whistle-blower protection, access to bank data, an asset management office, and greater independence for anti-corruption bodies.",https://www.unodc.org/documents/treaties/UNCAC/WorkingGroups/ImplementationReviewGroup/ExecutiveSummaries/V1402186e.pdf,In progress,
BHR,Bahrain,https://www.unodc.org/corruption/en/country-profiles/data/BHR.html,"The review noted that the country enforces the convention through the Constitution, Criminal Code, AML and financial disclosure laws, with institutions like the General Directorate for Combating Corruption, Financial Intelligence Unit (FIU), and Public Prosecution Service. Its framework criminalizes bribery, trading in influence, embezzlement, money laundering, obstruction of justice, and illicit enrichment, though gaps remain in covering international organization officials, attempted bribery, abuse of functions, whistle-blower protection, and liability of legal persons beyond money laundering. Good practices include statutes of limitation rules for corruption, use of modern technology linking prosecution to police, and broad predicate offences for money laundering. Challenges include expanding criminalization, regulating confiscated asset management, disqualifying offenders from state enterprises, and providing full protection for reporting persons.",https://www.unodc.org/documents/treaties/UNCAC/WorkingGroups/ImplementationReviewGroup/ExecutiveSummaries/V1503714e.pdf,"The review found that Bahrain has a comprehensive anti-corruption framework based on the Criminal Code, anti-money laundering (AML), procurement, and civil service laws, implemented by the General Directorate to Combat Corruption, Financial Intelligence Unit (FIU), Public Prosecution, Audit Office, Civil Service Bureau, and Tenders and Procurement Board. Good practices included integrity campaigns, school-based education programmes, corporate governance rules, electronic case distribution, and beneficial ownership registers. However, the review noted challenges in ensuring the independence of anti-corruption bodies, strengthening conflict-of-interest, access-to-information, and whistleblower protections, improving procurement complaint mechanisms, and enhancing verification of beneficial ownership data.",https://www.unodc.org/documents/treaties/UNCAC/WorkingGroups/ImplementationReviewGroup/ExecutiveSummaries2/V2000137e.pdf
BGD,Bangladesh,https://www.unodc.org/corruption/en/country-profiles/data/BGD.html,"The review recognizes strengthening of anti-corruption framework through the work of the Anti-Corruption Commission (ACC), the Financial Intelligence Unit (FIU), and other relevant ministries. Progress was noted in areas such as criminalizing key offences, introducing asset declaration requirements, and adopting whistleblower protection measures. Nonetheless, the review highlighted important gaps, including the absence of provisions on foreign bribery, active trading in influence, liability of legal persons, and comprehensive witness protection. While mechanisms for international cooperation are in place, limited enforcement capacity and weak inter-agency coordination persist. The review recommended expanding the scope of criminalization, reinforcing the independence of the ACC.",https://www.unodc.org/documents/treaties/UNCAC/WorkingGroups/ImplementationReviewGroup/ExecutiveSummaries/V1254364e.pdf,In progress,
BEL,Belgium,https://www.unodc.org/corruption/en/country-profiles/data/BEL.html,"The review noted the establishment of an anti-corruption framework through the Criminal Code, AML legislation, and institutions such as the Anti-Corruption Office, the Financial Intelligence Unit (FIU), and the asset confiscation authority. The framework criminalizes bribery in the public, foreign, and private sectors, as well as trading in influence, embezzlement, abuse of functions, money laundering, and obstruction of justice. Good practices include broad definitions of undue advantage, strong witness protection measures, and active participation in international cooperation. Nonetheless, gaps remain, including unclear rules on gifts, limited coverage of trading in influence and illicit enrichment, weak corporate liability, insufficient data on confiscation, and constraints imposed by statutes of limitation. Recommendations focus on legislative reforms, enhanced whistleblower protections, and the expansion of extradition and mutual legal assistance frameworks.",https://www.unodc.org/documents/treaties/UNCAC/WorkingGroups/ImplementationReviewGroup/ExecutiveSummaries/V1605773e.pdf,"The review noted Belgium’s preventive measures on integrity, whistleblower protection, procurement, conflicts of interest, asset declarations, and anti-money laundering (AML), implemented by bodies such as the Federal Ethics and Deontology Committee (BEDA), the Federal Selection Office (SELOR), the Financial Intelligence Processing Unit (CTIF-CFI), and the Federal Public Service for Strategy and Coordination (OCSC). Good practices included integrity surveys, training for officials in sensitive positions, reporting channels for companies operating abroad, and strong international cooperation. However, the review identified challenges related to the limited independence of key bodies, weak verification of asset declarations, inconsistent conflict-of-interest rules, absence of non-conviction-based confiscation, poor asset recovery data, and unclear avenues for foreign States to claim assets. It recommended legislative reforms, stronger oversight, and clearer procedures for asset return.",https://www.unodc.org/documents/treaties/UNCAC/WorkingGroups/ImplementationReviewGroup/ExecutiveSummaries2/V2000222e.pdf
BWA,Botswana,https://www.unodc.org/corruption/en/country-profiles/data/BWA.html,"The review noted that the country enforces the convention through a dual legal system, with key laws including the Corruption and Economic Crime Act (CECA), Proceeds of Serious Crime Act (POSCA), and Penal Code, supported by institutions like the Directorate on Corruption and Economic Crime (DCEC), Financial Intelligence Agency, and judiciary. Its framework criminalizes bribery, trading in influence, money laundering, embezzlement, abuse of functions, illicit enrichment, obstruction of justice, and liability of legal persons, though gaps remain in fully covering foreign bribery, self-laundering, and private sector offences. Good practices include specialized anti-corruption units, regional offices, strong cooperation among DCEC, police, and prosecution, and the Commonwealth Africa Anti-Corruption Centre.",https://www.unodc.org/documents/treaties/UNCAC/WorkingGroups/ImplementationReviewGroup/ExecutiveSummaries/V1403520e.pdf,"The review highlighted Botswana’s anti-corruption framework under laws on corruption, anti-money laundering (AML), public service, and procurement, implemented by institutions such as the Directorate on Corruption and Economic Crime (DCEC), the Financial Intelligence Agency (FIA), the Office of the Ombudsman, the Auditor General, and the Directorate of Public Prosecutions (DPP). Good practices included prevention committees, the Public Service Charter, e-procurement systems, and court case management tools. However, the review noted challenges in conflict-of-interest and asset disclosure rules, political finance regulation, whistleblower protection, and ensuring the independence of the DCEC, as well as gaps in beneficial ownership transparency and asset return mechanisms. It recommended reforms to strengthen oversight, enhance AML/Countering the Financing of Terrorism (CFT) supervision, and improve international cooperation.",https://www.unodc.org/documents/treaties/UNCAC/WorkingGroups/ImplementationReviewGroup/ExecutiveSummaries2/V1900383e.pdf
BRA,Brazil,https://www.unodc.org/corruption/en/country-profiles/data/BRA.html,"The review acknowledges notable progress in strengthening Brazil’s anti-corruption framework. It highlighted the roles of key institutions such as the Office of the Comptroller General (CGU), the Federal Prosecution Service, and National Strategy Against Corruption and Money-Laundering (ENCCLA), along with legislation criminalizing bribery, money laundering, embezzlement, and abuse of functions. Measures such as asset declarations and whistleblower protection were also recognized. Good practices included liability provisions for legal entities, centralized databases on disciplinary measures and seized assets, and Brazil’s active engagement in international cooperation networks. At the same time, the review identified persisting gaps, including the absence of provisions on passive bribery of foreign officials and bribery in the private sector, the narrow scope of liability for legal persons, reliance on non-criminal sanctions for illicit enrichment, and weaknesses in enforcement and protection mechanisms.",https://www.unodc.org/documents/treaties/UNCAC/WorkingGroups/ImplementationReviewGroup/ExecutiveSummaries/V1505820e.pdf,"The review recognized  progress in building a robust anti-corruption framework through strong institutions, integrity programmes, procurement reforms, transparency initiatives, and efforts to promote business integrity. Notable achievements included asset declaration systems, whistleblower protections, the Pro-Ethics Programme, and the establishment of an asset recovery laboratory. Nonetheless, the review identified continuing challenges, such as insufficient regulation of high-risk positions, gaps in conflict-of-interest rules, limited procurement training, lack of anti-money laundering obligations for lawyers, and delays in asset recovery. It recommended strengthening beneficial ownership transparency, enhancing cross-border cooperation, and improving mechanisms for asset return.",https://track.unodc.org/uploads/documents/UNCAC/WorkingGroups/ImplementationReviewGroup/16-20June2025/CAC-COSP-IRG-II-4-1-Add.17/2506800E.pdf
BGR,Bulgaria,https://www.unodc.org/corruption/en/country-profiles/data/BGR.html,"The review noted reforms to the country's penal system and the establishment of institutions such as Commission for Prevention and Counteraction against Corruption (CPCC) and Centre for Prevention and Counteraction of Corruption and Organized Crime (BORKOR). The legal framework criminalizes bribery, trading in influence, embezzlement, abuse of functions, and money laundering, and includes asset declaration and conflict-of-interest regulations. However, the review identified gaps, including the absence of illicit enrichment provisions, incomplete coverage of private sector offences, limited whistleblower protection, weak sanctions for legal persons, and outdated “crimes in office” provisions. It recommended clarifying bribery legislation, strengthening judicial accountability, expanding asset forfeiture measures, improving inter-agency coordination, and enhancing extradition, mutual legal assistance, and joint investigation mechanisms.",https://www.unodc.org/documents/treaties/UNCAC/WorkingGroups/ImplementationReviewGroup/ExecutiveSummaries/V1187232eCorr1Corr2.pdf,"The review noted Belgium’s preventive measures on integrity, whistleblower protection, procurement, conflicts of interest, asset declarations, and anti-money laundering (AML), implemented by bodies such as the Federal Ethics and Deontology Committee (BEDA), the Federal Selection Office (SELOR), the Financial Intelligence Processing Unit (CTIF-CFI), and the Federal Public Service for Strategy and Coordination (OCSC). Good practices included integrity surveys, training for officials in sensitive positions, reporting channels for companies operating abroad, and strong international cooperation. However, the review identified challenges related to the limited independence of key bodies, weak verification of asset declarations, inconsistent conflict-of-interest rules, absence of non-conviction-based confiscation, poor asset recovery data, and unclear avenues for foreign States to claim assets. It recommended legislative reforms, stronger oversight, and clearer procedures for asset return.",https://www.unodc.org/documents/treaties/UNCAC/WorkingGroups/ImplementationReviewGroup/10-14June2024/CAC-COSP-IRG-II-5-1-Add.1/2402479E.pdf
CAN,Canada,https://www.unodc.org/corruption/en/country-profiles/data/CAN.html,"The review observed that the legal framework has been reinforced through the Criminal Code, the CFPOA, the AML and Extradition Acts, with enforcement led by the Royal Canadian Mounted Police (RCMP’s) International Anti-Corruption Unit. It criminalizes bribery (domestic, foreign, and private sector), trading in influence, embezzlement, money laundering, abuse of functions, and obstruction of justice, while also establishing liability for legal persons. Notable good practices include the abolition of facilitation payments, strong confiscation powers, the absence of statutes of limitations, and robust witness protection measures. Remaining challenges include limited reporting from the private sector, the need to strengthen whistleblower protections, and the importance of fostering deeper cooperation with civil society and private actors.",https://www.unodc.org/documents/treaties/UNCAC/WorkingGroups/ImplementationReviewGroup/ExecutiveSummaries/V1400913e.pdf,In progress,
CHL,Chile,https://www.unodc.org/corruption/en/country-profiles/data/CHL.html,"Despite being perceived as a low-corruption country, the review recognizes the country for strengthening its legal framework through reforms that introduced liability of legal persons, tightened bribery and tax legislation, broadened money-laundering offences, and established protections for whistleblowers. Key enforcement institutions such as the Office of the Comptroller-General and the Public Prosecution Service, supported by specialized units and witness protection measures, were highlighted. However, the review identified gaps, including the limited scope of private sector bribery, incomplete coverage of predicate offences for money laundering, weak provisions on obstruction of justice, and the need for clearer regulations on asset freezing, immunities, and investigative techniques. It recommends further legal refinements and stronger mechanisms for cooperation.",https://www.unodc.org/documents/treaties/UNCAC/WorkingGroups/ImplementationReviewGroup/ExecutiveSummaries/V1186003e.pdf,"The review strengthened its anti-corruption framework through the Comptroller General’s Office, Integrity Commission, and Financial Analysis Unit, with measures such as the National Strategy on Public Integrity, open government plans, asset and interest declarations, and integrity systems across public institutions. Progress includes procurement reforms, transparency laws, and anti-money-laundering measures, but challenges remain in managing conflicts of interest, regulating high-risk positions, training procurement staff, establishing a beneficial ownership register, and extending oversight to non-financial professions. On asset recovery, Chile engages in international networks but lacks comprehensive legislation, non-conviction-based confiscation, and clear rules for asset return, prompting recommendations to strengthen legal frameworks, improve scrutiny of politically exposed persons, and expand cooperation",https://www.unodc.org/documents/treaties/UNCAC/WorkingGroups/ImplementationReviewGroup/28Aug-6Sep2024/CAC-COSP-IRG-II-4-1-Add.12/2411349E.pdf
CHN,China,https://www.unodc.org/corruption/en/country-profiles/data/CHN.html,"The review noted progress in criminalizing bribery, embezzlement, abuse of functions, money laundering, and illicit enrichment, backed by specialized anti-corruption institutions and large-scale enforcement efforts. Good practices included robust asset confiscation measures, the removal of ministerial approval requirements, and active participation in international cooperation. However, gaps remain, particularly in ensuring comprehensive coverage of foreign bribery and trading in influence, expanding liability for legal persons, strengthening witness and whistleblower protections, and adopting more comprehensive mutual legal assistance (MLA) and expedited extradition procedures.",https://track.unodc.org/uploads/documents/UNCAC/WorkingGroups/ImplementationReviewGroup/19-23June2017/CAC-COSP-IRG-I-4-1-Add.49-Rev.1/2510448E.pdf,In progress,
COL,Colombia,https://www.unodc.org/corruption/en/country-profiles/data/COL.html,"The review highlighted progress through the Anti-Corruption Statute, a national integrity policy, and institutions such as the Transparency Secretariat, Prosecutor’s Office, and Comptroller-General. The legal framework criminalizes bribery, embezzlement, illicit enrichment, trading in influence, and money laundering, and includes measures for asset confiscation, witness protection, and private sector engagement. However, the review noted gaps in foreign bribery, private sector offences, obstruction of justice, liability of legal persons, and asset recovery. It also emphasized the need to strengthen international cooperation through better coordination, clearer procedures, and stronger whistleblower protection.",https://www.unodc.org/documents/treaties/UNCAC/WorkingGroups/ImplementationReviewGroup/ExecutiveSummaries/V1406898-1e.pdf,"Colombia was commended for strengthening its anti-corruption framework through transparency legislation, integrity codes, procurement reforms, asset declaration systems, business ethics programmes, and the establishment of a beneficial ownership register. Key actors such as the Transparency Secretariat, the Office of the Comptroller General, and the Counsel General were noted, alongside measures supporting anti-money laundering efforts and citizen participation. Nonetheless, the review highlighted challenges including weak whistleblower protection, limited verification of asset declarations, gaps in procurement oversight, and insufficient AML obligations for notaries. In the area of asset recovery, the review recommended stronger mechanisms for freezing assets at the request of foreign jurisdictions, enhanced scrutiny of politically exposed persons, and more effective systems to ensure the full",https://track.unodc.org/uploads/documents/UNCAC/WorkingGroups/ImplementationReviewGroup/16-20June2025/CAC-COSP-IRG-II-4-1-Add.16/2502688E.pdf
HRV,Croatia,https://www.unodc.org/corruption/en/country-profiles/data/HRV.html,"The review highlighted progress through the establishment of a strong framework comprising the Criminal Code, AML legislation, procurement regulations, and Office for the Suppression of Corruption and Organized Crime (USKOK) as the specialized anti-corruption body. The framework criminalizes bribery (public, foreign, and private), trading in influence, embezzlement, abuse of functions, money laundering, obstruction of justice, and provides for liability of legal persons, supported by confiscation mechanisms, witness protection, and active international cooperation. Nonetheless, gaps persist in addressing illicit enrichment, whistleblower protection, the scope of liability, and inter-agency coordination. The recommendations call for legislative reforms, broader legal definitions, suspension of statutes of limitation, and enhanced technical capacity.",https://www.unodc.org/documents/treaties/UNCAC/WorkingGroups/ImplementationReviewGroup/ExecutiveSummaries/V1253076e.pdf,"The review noted Croatia’s reforms under the second UNCAC cycle, including anti-corruption strategies, conflict-of-interest rules, asset declarations, procurement measures, whistleblower protections, and anti-money laundering (AML) laws, implemented by institutions such as the Ministry of Justice, the Commission for the Resolution of Conflicts of Interest (CRCI), the Anti-Money Laundering Office (AMLO), and the Office for the Suppression of Corruption and Organized Crime (USKOK). Good practices included public consultations on legislation, e-procurement systems, beneficial ownership and bank account registers, and strong international cooperation. However, the review highlighted challenges in the scope of conflict-of-interest rules, CRCI’s capacity, verification of declarations, whistleblower protection, regulation of political finance and lobbying, procurement transparency, and asset return mechanisms. It recommended legal reforms, stronger monitoring, and enhanced inter-agency cooperation.",https://www.unodc.org/documents/treaties/UNCAC/WorkingGroups/ImplementationReviewGroup/12-16June2023/CAC-COSP-IRG-II-3-1-Add.9/2301653E.pdf
CYP,Cyprus,https://www.unodc.org/corruption/en/country-profiles/data/CYP.html,"The review noted the establishment of a framework grounded in the Constitution, the Criminal Code, the AML Law, and oversight bodies such as Unit for Combating  Money-Laundering (MOKAS) and the Attorney General. The framework criminalizes bribery, trading in influence, private sector corruption, embezzlement, money laundering, obstruction of justice, and establishes liability for legal persons, with provisions for confiscation and witness protection. However, challenges remain, including overlapping legislation, weak whistleblower protections, limited corporate sanctions, insufficient data, and inadequate asset recovery procedures. The recommendations therefore call for harmonizing laws, strengthening protections, improving coordination, and clarifying rules on extradition and mutual legal assistance.",https://www.unodc.org/documents/treaties/UNCAC/WorkingGroups/ImplementationReviewGroup/ExecutiveSummaries/V1604727e.pdf,"The review noted Cyprus’s progress under the second UNCAC cycle through a national anti-corruption strategy, an independent authority, codes of conduct, whistleblower protection, procurement reforms, transparency tools, and anti-money laundering (AML) measures, overseen by bodies such as the Ombudsman, the Auditor General, and the Unit for Combating Money Laundering (MOKAS). Good practices included e-procurement, the ARIADNE e-government portal, beneficial ownership registers, ISO 37001 certification incentives, and recognition of foreign confiscation orders. However, the review identified challenges such as weak conflict-of-interest systems, limited merit-based recruitment, insufficient ethics training, lack of private sector measures, poor asset verification, and unclear asset return rules. It recommended legal reforms, stronger protections, and clearer recovery procedures.",https://www.unodc.org/documents/treaties/UNCAC/WorkingGroups/ImplementationReviewGroup/12-16June2023/CAC-COSP-IRG-II-1-1-Add.22/2306338E.pdf
CZE,Czech Republic,https://www.unodc.org/corruption/en/country-profiles/data/CZE.html,"The review observed that the country implements the convention through the Criminal Code, Criminal Procedure Code, laws on legal persons, and international cooperation, with institutions such as the Supreme Public Prosecutor’s Office, specialized police, and Financial Intelligence Unit (FIU). It criminalizes bribery, trading in influence, embezzlement, abuse of functions, money laundering, obstruction of justice, and liability of legal persons, with good practices including extended confiscation powers, a national bank account register, innovative training for prosecutors and police, and online case management tools. Challenges remain in broadening the definition of public officials, strengthening whistle-blower protections, clarifying bribery and trading-in-influence provisions, extending liability of legal persons, ensuring prosecutorial independence, and improving confiscation, immunities, and sanctions. International cooperation frameworks on extradition",https://www.unodc.org/documents/treaties/UNCAC/WorkingGroups/ImplementationReviewGroup/ExecutiveSummaries/V1808272e.pdf,"The review highlighted Czechia’s anti-corruption framework through the Constitution, Criminal and Procedure Codes, AML and procurement laws, with oversight by the Government Anti-Corruption Council, Ministry of Justice, police, FIU, and other supervisory bodies. Good practices included the 2023–2026 Anti-Corruption Strategy, e-procurement, access to information, beneficial ownership and bank account registers, and AML risk assessments. However, the review noted challenges in ensuring institutional independence, regulating lobbying, strengthening conflict-of-interest and asset declaration systems, whistleblower protection, procurement transparency, and asset return mechanisms, recommending legislative reforms and stronger oversight.",https://www.unodc.org/documents/treaties/UNCAC/WorkingGroups/ImplementationReviewGroup/10-14June2024/CAC-COSP-IRG-II-2-1-Add.35/2401799E.pdf
DNK,Denmark,https://www.unodc.org/corruption/en/country-profiles/data/DNK.html,"The review highlighted enforcement through the Constitution, the Criminal Code, AML legislation, and institutions such as State Prosecutor for Serious Economic and International Crime (SØIK). The framework criminalizes bribery, trading in influence, embezzlement, money laundering, abuse of functions, obstruction of justice, and includes corporate liability. Strengths identified included comprehensive money-laundering provisions, extended confiscation powers, strong witness protection measures, and effective international cooperation. Nonetheless, the review pointed to gaps in the clarity of foreign bribery provisions, coverage of obstruction of justice, asset management systems, training and coordination, and the need to harmonize extradition and mutual legal assistance procedures. Recommendations focused on targeted legal reforms and strengthening institutional capacity.",https://www.unodc.org/documents/treaties/UNCAC/WorkingGroups/ImplementationReviewGroup/ExecutiveSummaries/V1605601e.pdf,In progress,
DOM,Dominican Republic,https://www.unodc.org/corruption/en/country-profiles/data/DOM.html,"Th review noted establishment of key institutions such as the Anti-Corruption Prosecution Directorate, the Ethics Department, the Office of the Comptroller-General, and the Financial Analysis Unit. Its legal framework criminalizes bribery, embezzlement, money laundering, and obstruction of justice. However, the review highlighted important shortcomings, including the absence of provisions on indirect bribery, abuse of functions, illicit enrichment, liability of legal persons, and comprehensive measures for confiscation, as well as limited protection for witnesses and whistleblowers. The recommendations stressed the need to close these gaps, enhance inter-agency coordination, and reinforce extradition, mutual legal assistance, and broader international cooperation.",https://www.unodc.org/documents/treaties/UNCAC/WorkingGroups/ImplementationReviewGroup/ExecutiveSummaries/V1383895e.pdf,"The review highlighted progress in strengthening the Dominican Republic’s anti-corruption framework through asset declarations, ethics codes, procurement reforms, transparency portals, and enhanced AML controls. However, it also noted gaps in conflict-of-interest regulation, whistleblower protection, procurement integrity, independent oversight, and the absence of a comprehensive national anti-corruption strategy. On asset recovery, while laws allow forfeiture and non-conviction-based confiscation, the review called for stronger mechanisms to freeze and return assets, expand scrutiny of politically exposed persons, and prevent shell bank practices.",https://track.unodc.org/uploads/documents/UNCAC/WorkingGroups/ImplementationReviewGroup/16-20June2025/CAC-COSP-IRG-2025-CRP.3.pdf
ECU,Ecuador,https://www.unodc.org/corruption/en/country-profiles/data/ECU.html,"The review highlighted the country’s progress in strengthening its legal framework through the Comprehensive Criminal Code, which criminalizes bribery, embezzlement, illicit enrichment, money laundering, and trading in influence. Advances noted included the removal of statutes of limitation for serious corruption offences, the adoption of robust AML measures, and the launch of a national anti-corruption plan. At the same time, the review identified gaps, such as the lack of criminalization of foreign bribery and private sector corruption, limited protections for whistleblowers, the need to broaden liability of legal persons, and the importance of reinforcing international cooperation, asset recovery, and inter-agency coordination.",https://www.unodc.org/documents/treaties/UNCAC/WorkingGroups/ImplementationReviewGroup/ExecutiveSummaries/V1610195e.pdf,In progress,
EST,Estonia,https://www.unodc.org/corruption/en/country-profiles/data/EST.html,"The review noted that the country's framework is grounded in the Constitution, the Penal Code, the Criminal Procedure Code, and anti-corruption and AML legislation, implemented by institutions including the Ministry of Justice, the Prosecutor’s Office, the Police, the Security Police, and the Financial Intelligence Unit. The legal system criminalizes bribery, embezzlement, partial trading in influence, private sector bribery, money laundering, obstruction of justice, and provides for corporate liability. Good practices highlighted included strong due diligence requirements for politically exposed persons, extended confiscation powers, and strict penalties for legal persons. Remaining challenges were identified in clarifying the distinction between gratuities and bribes, fully criminalizing trading in influence and conspiracy to launder, broadening the scope of private sector bribery, strengthening sanctions for legal persons, and ensuring parliamentarians are fully covered. While international cooperation frameworks were considered strong, the review recommended expanding the network of bilateral treaties.",https://www.unodc.org/documents/treaties/UNCAC/WorkingGroups/ImplementationReviewGroup/ExecutiveSummaries/V1255516e.pdf,In progress,
FIN,Finland,https://www.unodc.org/corruption/en/country-profiles/data/FIN.html,"The review noted the establishment of a framework through the Penal Code, the Criminal Procedure Act, and key institutions such as the Prosecutor’s Office, the police, the FIU, and the Anti-Corruption Cooperation Network. The legal system criminalizes all core offences, with broad coverage of bribery and anti-money laundering provisions. Nonetheless, the review identified gaps in the criminalization of trading in influence and illicit enrichment, the limited scope of corporate liability, and relatively mild sanctions. Good practices included extended confiscation powers, strong public trust in institutions, and effective cooperation within the European Union (EU) and Nordic networks. Recommendations emphasized clarifying foreign bribery provisions, strengthening corporate liability and protection measures, improving asset management systems, and expanding bilateral treaty arrangements.",https://www.unodc.org/documents/treaties/UNCAC/WorkingGroups/ImplementationReviewGroup/ExecutiveSummaries/V1183525e.pdf,"The review noted Finland’s progress under the second UNCAC cycle through the 2021–2023 National Anti-Corruption Strategy, the Penal Code, anti-money laundering (AML) and procurement laws, and oversight by institutions such as the Ministry of Justice, the National Audit Office, the Ombudsman, and the Financial Intelligence Unit (FIU). Good practices included low procurement thresholds to enhance transparency, broad access to information, robust AML measures with emergency freezing powers, and active participation in the FATF, GRECO, and Egmont networks. However, the review identified challenges such as limited resources for preventive bodies, weak whistleblower protections, gaps in the regulation of gifts, conflicts of interest, and political finance, as well as shortcomings in financial disclosure, non-conviction-based confiscation, and asset return. It recommended legislative reforms, stronger monitoring, and clearer procedures for asset recovery.",https://www.unodc.org/documents/treaties/UNCAC/WorkingGroups/ImplementationReviewGroup/28Aug-6Sep2024/CAC-COSP-IRG-II-3-1-Add.15/2409518E.pdf
FRA,France,https://www.unodc.org/corruption/en/country-profiles/data/FRA.html,"The review underscored the country’s civil-law framework anchored in the Penal Code and Code of Criminal Procedure, supported by institutions such as Central Service for the Prevention of Corruption (SCPC), The French Financial Intelligence Unit (TRACFIN), Central Office for the Suppression of Major Financial Crime (OCRGDF), Central Anti-bribery Division (BCLC), and AGRASC. The legal system criminalizes domestic and foreign bribery, trading in influence, embezzlement, money laundering, obstruction of justice, and private sector corruption, while also providing for the liability of legal persons. Good practices highlighted included robust confiscation mechanisms, AGRASC’s role in asset management, and the use of joint investigation teams. However, challenges remain, including incomplete coverage of foreign trading in influence, short statutes of limitation, limited prosecutorial independence, and resource constraints. International cooperation was assessed as strong, particularly in extradition, mutual legal assistance, and collaboration through the review recommended ensuring enforcement of foreign judgments in cases where nationals are not extradited.",https://www.unodc.org/documents/treaties/UNCAC/WorkingGroups/ImplementationReviewGroup/18-22June2012/V1187226e.pdf,"The review noted France’s progress under the second review cycle through the Penal and Criminal Procedure Codes, the Transparency and Anti-Corruption Act, and institutions such as the French Anti-Corruption Agency (AFA), the Financial Intelligence Unit (TRACFIN), the Agency for the Management and Recovery of Seized and Confiscated Assets (AGRASC), and the Court of Auditors. Good practices included robust transparency and conflict-of-interest rules, lobbying registers, open data initiatives, whistleblower protections, beneficial ownership registers, and effective asset management and cooperation mechanisms. However, the review identified challenges in ensuring AFA’s independence and adequate resources, strengthening oversight of political finance and procurement, extending asset declaration requirements, and clarifying rules on non-conviction-based confiscation and asset return. It recommended legislative reforms, stronger monitoring, and closer alignment with UNCAC asset recovery standards.",https://www.unodc.org/documents/treaties/UNCAC/WorkingGroups/ImplementationReviewGroup/ExecutiveSummaries2/V2005000e.pdf
GEO,Georgia,https://www.unodc.org/corruption/en/country-profiles/data/GEO.html,"The review noted the establishment of a strong anti-corruption framework supported by an interagency council, specialized prosecution units, and a national strategy, along with innovative tools such as Public Service Halls and an online asset declaration system. The legal framework criminalizes bribery, trading in influence, embezzlement, abuse of authority, money laundering, and obstruction of justice, and includes provisions on confiscation, liability of legal persons, and protection for witnesses and whistleblowers. Nonetheless, the review pointed to remaining gaps, including the absence of explicit illicit enrichment provisions, the need to expand liability of legal persons, stronger engagement with the private sector, and further strengthening of international cooperation.",https://www.unodc.org/documents/treaties/UNCAC/WorkingGroups/ImplementationReviewGroup/ExecutiveSummaries/V1253862e.pdf,In progress,
DEU,Germany,https://www.unodc.org/corruption/en/country-profiles/data/DEU.html,"The review noted that the country implements the Convention through the Criminal Code, the Code of Criminal Procedure, and the Act on Regulatory Offences, with enforcement carried out by federal and Länder authorities. The framework criminalizes bribery (domestic, foreign, and private sector), money laundering, embezzlement, abuse of functions, obstruction of justice, and provides for liability of legal persons. Good practices include robust confiscation and AML measures, the use of bank account registers, comprehensive crime statistics, and effective international cooperation. Nonetheless, challenges remain, including the continued allowance of facilitation payments, inconsistent sentencing practices, parliamentary immunities, gaps in predicate offences, limitations on confiscation after death, insufficient transparency in political financing, and weak whistleblower protections. The recommendations therefore call for targeted legal reforms, improved MLA statistics, and clearer rules on the transfer of proceedings.",https://www.unodc.org/documents/treaties/UNCAC/WorkingGroups/ImplementationReviewGroup/ExecutiveSummaries/V2003833e.pdf,"The review highlighted Germany’s implementation of UNCAC through the Constitution, the Criminal Code, the Anti-Money Laundering (AML) Act, and procurement and public service laws, with oversight by ministries, audit bodies, the Financial Intelligence Unit (FIU), and Länder prosecutors. Good practices included the 2004 Federal Anti-Corruption Directive, corruption prevention contact points, annual situation reports, open data tools, beneficial ownership registers, and strong AML due diligence measures with prohibitions on shell banks. However, the review identified challenges in political finance transparency, whistleblower protection, regulation of Members of Parliament’s outside interests, procurement appeals, AML supervision of non-financial sectors, and asset return provisions. It recommended legal reforms, enhanced monitoring, improved mutual legal assistance (MLA) data collection, and stronger FIU capacity.",https://www.unodc.org/documents/treaties/UNCAC/WorkingGroups/ImplementationReviewGroup/ExecutiveSummaries2/V2000216e.pdf
GHA,Ghana,https://www.unodc.org/corruption/en/country-profiles/data/GHA.html,"Ghana ratified UNCAC in 2005 and enforces it through laws like the Criminal Offences Act, Anti-Money Laundering Act, and the  EOCO Act, with institutions such as Commission on Human Rights and Administrative Justice (CHRAJ), Economic and Organised Crime Office (EOCO), Police, Financial Intelligence Center (FIC), Auditor-General, and specialized courts playing key roles. Its framework criminalizes bribery, trading in influence, embezzlement, abuse of functions, money laundering, obstruction of justice, and liability of legal persons, though illicit enrichment, private sector bribery, and some forms of trading in influence remain unregulated. Good practices include the “Justice for All” programme to reduce remand prisoners, broad freezing and seizure powers, cooperation with private sector investigators, and no statute of limitations for corruption offences. Challenges persist in clarifying prosecutorial powers, adopting the National Anti-Corruption Action Plan, expanding criminalization (e.g., transnational bribery, illicit enrichment, private sector offences)",https://www.unodc.org/documents/treaties/UNCAC/WorkingGroups/ImplementationReviewGroup/ExecutiveSummaries/V1500669e.pdf,"The review highlighted Ghana’s anti-corruption framework through key laws such as the Criminal Offences Act, Anti-Money Laundering (AML) Act, and Procurement Act, implemented by institutions including  Commission on Human Rights and Administrative Justice (CHRAJ), Economic and Organised Crime Office (EOCO), the Office of the Special Prosecutor, the Auditor General, the Financial Intelligence Centre, and the police. Good practices included the National Anti-Corruption Action Plan, asset declaration rules, whistleblower protections, beneficial ownership registers, and strong inter-agency cooperation. However, the review noted challenges in political finance transparency, enforcement of conflict-of-interest rules, procurement oversight, and asset declaration verification. On asset recovery, while confiscation, non-conviction-based forfeiture, and mutual legal assistance (MLA) tools exist, gaps remain in beneficial ownership transparency, reporting of foreign accounts, and asset return mechanisms.",https://www.unodc.org/documents/treaties/UNCAC/WorkingGroups/ImplementationReviewGroup/ExecutiveSummaries2/V2004963e.pdf
GRC,Greece,https://www.unodc.org/corruption/en/country-profiles/data/GRC.html,"The review noted established framework under the Constitution, Criminal and Procedure Codes, and laws such as 3691/2008 on money laundering, with institutions like the Ministry of Justice, Public Prosecutor, Financial and Economic Crime Unit, Police, and Financial Intelligence Unit (FIU).It criminalizes bribery (domestic, foreign, private sector, political officials), trading in influence, embezzlement, abuse of functions, money laundering, obstruction of justice, and liability of legal persons, with good practices such as supervisory liability for bribery and broad trading in influence provisions. ",https://www.unodc.org/documents/treaties/UNCAC/WorkingGroups/ImplementationReviewGroup/ExecutiveSummaries/V1600121e.pdf,"The review highlighted Greece’s progress under the second UNCAC cycle through the establishment of the National Transparency Authority, procurement and civil service reforms, political finance regulations, asset declarations, and anti-money laundering (AML) measures. Good practices included the Diavgeia Transparency Programme, e-procurement systems, public reporting platforms, and AML standards aligned with the Financial Action Task Force (FATF). However, the review identified challenges related to limited institutional resources, weak whistleblower protection, gaps in political finance transparency, conflict-of-interest regulation, and judicial ethics. On asset recovery, it noted shortcomings in cross-border disclosure, the absence of centralized asset management, and limited provisions for asset return.",https://www.unodc.org/documents/treaties/UNCAC/WorkingGroups/ImplementationReviewGroup/14-18June2021/CAC-COSP-IRG-II-2-1-ADD.26/V2101783_E.pdf
HUN,Hungary,https://www.unodc.org/corruption/en/country-profiles/data/HUN.html,"The review noted that the country criminalizes bribery (domestic, foreign, and private sector), trading in influence, embezzlement, abuse of functions, money laundering, obstruction of justice, and establishes liability for legal persons. Good practices highlighted include a comprehensive AML framework, extended confiscation measures, and cooperation with Non- Govermental Organisations (NGOs). However, challenges persist in addressing indirect bribery,  immunities, the absence of illicit enrichment provisions, weak whistleblower protections, and the lack of a centralized asset management body. While international cooperation is broadly available, the review emphasized the need for clearer procedures, stronger monitoring, and simplified extradition and MLA",https://www.unodc.org/documents/treaties/UNCAC/WorkingGroups/ImplementationReviewGroup/ExecutiveSummaries/V1387249e.pdf,In progress,
ISL,Iceland,https://www.unodc.org/corruption/en/country-profiles/data/ISL.html,"The review highlighted efforts to criminalize bribery, trading in influence, embezzlement, money laundering, obstruction of justice, and establish corporate liability. Good practices included comprehensive AML provisions, strong confiscation mechanisms, and effective international cooperation. Remaining challenges concern clarifying the definition of public official, harmonizing penalties, strengthening protections for whistleblowers and witnesses, improving asset management, and expanding cooperation frameworks.",https://www.unodc.org/documents/treaties/UNCAC/WorkingGroups/ImplementationReviewGroup/ExecutiveSummaries/V1703669e.pdf,"The review of Iceland’s  under UNCAC highlighted reforms through the Penal Code, AML and procurement laws, and institutions such as the FIU, Auditor General, Ombudsman, and police. Good practices included e-procurement, beneficial ownership registers, whistleblower protections, and asset management frameworks. Challenges remained in the absence of a national anti-corruption strategy, weak monitoring, gaps in conflict-of-interest and asset declaration systems, and limited private sector reporting. On asset recovery, the review noted the lack of non-conviction-based confiscation, unclear enforcement of foreign orders, and insufficient systematic statistics.",https://www.unodc.org/documents/treaties/UNCAC/WorkingGroups/ImplementationReviewGroup/17-21February2025/CAC-COSP-IRG-II-3-1-Add.17/2423612E.pdf
IND,India,https://www.unodc.org/corruption/en/country-profiles/data/IND.html,"The review noted that the country enforces the convention through the Prevention of Corruption Act, Penal Code, AML laws, and institutions such as the  Central Vigilance Commission (CVC), Central Bureau of Investigation (CBI), FIU, and Enforcement Directorate. Its framework criminalizes bribery, embezzlement, abuse of functions, money laundering, obstruction of justice, and corporate liability, with good practices including specialized anti-corruption courts, CBI prosecution cooperation, and CVC reporting channels. Challenges remain in fully criminalizing active and transnational bribery, trading in influence, private sector bribery, and acts of preparation, while prosecution sanctions, immunities, whistle-blower and witness protection, and confiscation measures need strengthening. On international cooperation, India uses the Extradition Act, Code of Criminal Procedure (CrPC), and bilateral treaties",https://www.unodc.org/documents/treaties/UNCAC/WorkingGroups/ImplementationReviewGroup/ExecutiveSummaries/V2003403e.pdf,In progress,
IDN,Indonesia,https://www.unodc.org/corruption/en/country-profiles/data/IDN.html,"The review highlighted progress in criminalizing bribery, embezzlement, abuse of functions, money laundering, and obstruction of justice, with enforcement carried out by the Corruption Eradication Commission (KPK), the Attorney General’s Office, and the Police. The KPK and the establishment of anti-corruption courts were noted as strong practices. However, the review also identified gaps, including the absence of provisions on foreign and private sector bribery, trading in influence, illicit enrichment, and the need to strengthen corporate liability. While extradition, mutual legal assistance, and cooperation frameworks are in place, the review stressed the importance of improving inter-agency coordination, enhancing whistleblower protection, making greater use of special investigative tools, and reinforcing asset recovery procedures.",https://www.unodc.org/documents/treaties/UNCAC/WorkingGroups/ImplementationReviewGroup/ExecutiveSummaries/V1187232e.pdf,"The review highlighted Indonesia’s comprehensive anti-corruption framework, involving the Corruption Eradication Commission (KPK), Attorney General’s Office (AGO), judiciary, police, and oversight bodies under a national anti-corruption strategy. It noted progress in preventive measures such as civil service reforms, asset declarations, procurement and transparency rules, and AML systems. However, challenges persist in enforcing conflict-of-interest provisions, protecting whistleblowers, strengthening procurement oversight, enhancing private sector integrity, and ensuring beneficial ownership transparency. On asset recovery, while Indonesia has MLA frameworks and information-sharing mechanisms, the review underscored the absence of non-conviction-based confiscation, clear asset return procedures, and centralized asset management, calling for stronger laws, coordination, and institutional capacity.",https://www.unodc.org/documents/treaties/UNCAC/WorkingGroups/ImplementationReviewGroup/ExecutiveSummaries2/V1802700e.pdf
IRL,Ireland,https://www.unodc.org/corruption/en/country-profiles/data/IRL.html,"The review highlighted country efforts such as the Prevention of Corruption Acts, AML and Proceeds of Crime laws, with enforcement by An Garda Síochána, the Director of Public Prosecutions (DPP), and the Criminal Assets Bureau. It criminalizes bribery, embezzlement, abuse of functions, money laundering, obstruction of justice, and corporate liability, with strong witness and whistle-blower protections, non-conviction-based confiscation, and broad bribery coverage. Challenges remain in fully criminalizing trading in influence and illicit enrichment, strengthening corporate liability, creating a central bank account register, and expanding treaties and investigative tools for international cooperation.",https://www.unodc.org/documents/treaties/UNCAC/WorkingGroups/ImplementationReviewGroup/ExecutiveSummaries/V1503849e.pdf,"The review of Ireland’s under UNCAC noted reforms through the 2018 Corruption Offences Act, ethics and lobbying legislation, whistleblower protection, AML measures, and procurement rules, implemented by bodies such as An Garda Síochána, Criminal Assets Bureau (CAB),  Office of the Director of Corporate Enforcement (ODCE), Standards in Public Office Commission , and the Financial Intelligence Unit. Good practices included broad whistleblower safeguards, disclosure logs, the Tender Advisory Service, strong AML supervision, and CAB’s civil confiscation model. Remaining challenges related to agency coordination and resourcing, stricter gift regulations, judicial conduct standards, corporate governance, unified AML oversight, and effective asset return. The review recommended legislative reforms and stronger cooperation.",https://www.unodc.org/documents/treaties/UNCAC/WorkingGroups/ImplementationReviewGroup/ExecutiveSummaries2/V1900570e.pdf
ITA,Italy,https://www.unodc.org/corruption/en/country-profiles/data/ITA.html,"The review noted that enforcement is carried out through the Constitution, the Criminal and Civil Codes, Law 190/2012, and institutions such as ANAC, the Financial Intelligence Unit (FIU), Guardia di Finanza, Carabinieri, and the judiciary. The framework criminalizes bribery, trading in influence, embezzlement, abuse of office, money laundering, obstruction of justice, and establishes corporate liability. Good practices include comprehensive AML provisions, strong confiscation powers, whistleblower protections, and specialized coordination mechanisms. However, gaps remain in legislation on self-laundering, illicit enrichment, and embezzlement, alongside challenges from lengthy trials, statutes of limitation, and limited data. International cooperation is generally strong but would benefit from clearer rules, defined timeframes, and broader use of investigative techniques.",https://www.unodc.org/documents/treaties/UNCAC/WorkingGroups/ImplementationReviewGroup/ExecutiveSummaries/V1387871e.pdf,"The review noted Italy’s strengthened anti-corruption framework through the Anti-Corruption Law, anti-money laundering (AML) measures, and institutions such as the National Anti-Corruption Authority (ANAC), the judiciary, the Financial Intelligence Unit (FIU), and law enforcement agencies. Good practices included mandatory anti-corruption plans, robust procurement oversight, access-to-information rules, beneficial ownership registers, whistleblower protections, and effective asset recovery mechanisms, including non-conviction-based confiscation. However, the review identified gaps in asset declarations, comprehensive codes of conduct for all officials, political finance monitoring, post-employment restrictions, audit systems, and asset disposal procedures. It recommended legislative reforms, stronger oversight, and clearer rules for asset recovery and management.",https://www.unodc.org/documents/treaties/UNCAC/WorkingGroups/ImplementationReviewGroup/ExecutiveSummaries2/V1808771e.pdf
JPN,Japan,https://www.unodc.org/corruption/en/country-profiles/data/JPN.html,"Th review highlighted implementation efforts through the Penal Code, AML and organized crime laws, with institutions like the National Police Agency, Prosecutor’s Office, and Financial Intelligence Unit (FIU). It criminalizes domestic, indirect, and foreign active bribery, embezzlement, abuse of authority, money laundering, obstruction of justice, and some corporate liability, with good practices such as specialized prosecutors, strong AML rules, and extended confiscation. Gaps include no illicit enrichment, no passive foreign bribery, limited corporate liability, weak witness protection, and short limitation periods, while international cooperation is generally strong but constrained by dual criminality, limited treaties, and incomplete coverage of Convention offences.",https://www.unodc.org/documents/treaties/UNCAC/WorkingGroups/ImplementationReviewGroup/4-8September2023/CAC-COSP-IRG-I-4-1-Add.73/2315284E.pdf,In progress,
JOR,Jordan,https://www.unodc.org/corruption/en/country-profiles/data/JOR.html,"The review indicated that the convention is operationalized in the country through laws such as the Criminal Code, Anti-Corruption Act, Anti-Money Laundering Act, Economic Crimes Act, and Financial Disclosure Law, supported by institutions like the Anti-Corruption Commission (ACC), Audit Bureau, FIU, Ombudsman, and judiciary. Its framework criminalizes bribery, embezzlement, trading in influence, abuse of functions, illicit enrichment, money laundering, and corporate liability, with good practices including a comprehensive anti-corruption strategy, ACC’s independence, and AML reforms. Challenges remain in criminalizing foreign bribery, private sector offences, trading in influence as a distinct offence, obstruction of justice, and strengthening witness and whistle-blower protection. Law enforcement shows progress with ACC’s proactive role, sanctions for legal persons, and confiscation tools, though gaps persist in non-conviction-based forfeiture and judicial accountability",https://www.unodc.org/documents/treaties/UNCAC/WorkingGroups/ImplementationReviewGroup/ExecutiveSummaries/V1187238e.pdf,"The review of Jordan’s  under UNCAC noted progress through the Penal Code, Integrity and Anti-Corruption Act, Illicit Enrichment Act,  Anti-Money Laundering (AML) and procurement laws, with key roles played by the Integrity and Anti-Corruption Commission, Audit Bureau, Financial Intelligence Unit (FIU), and judiciary. Preventive measures included the 2020–2025 National Integrity and Anti-Corruption Strategy, codes of conduct, disclosure systems, e-procurement, and access-to-information laws, with good practices such as the National Integrity Index, Cabinet codes of conduct, and university-level anti-corruption education. Remaining challenges concerned ensuring the Commission’s independence and resources, transparency in leadership appointments, political finance regulation, conflict-of-interest and disclosure systems, and the effectiveness of access-to-information measures.",https://www.unodc.org/documents/treaties/UNCAC/WorkingGroups/ImplementationReviewGroup/17-21February2025/CAC-COSP-IRG-II-4-1-Add.14/2424355E.pdf
KAZ,Kazakhstan,https://www.unodc.org/corruption/en/country-profiles/data/KAZ.html,"The review highlighted progress through the Criminal Code, the Anti-Corruption Act, AML legislation, and the 2015–2025 Anti-Corruption Strategy, implemented by specialized agencies. Achievements included the criminalization of core offences, lifetime bans from public office for corruption, the removal of statutes of limitation, and the use of procedural agreements to support enforcement. At the same time, the review noted gaps such as the absence of provisions on the solicitation and promise of bribes, limited coverage of trading in influence, incomplete liability of legal persons, insufficient whistleblower protection, and unclear definitions of public officials. While extradition, mutual legal assistance, and joint investigation frameworks are in place, the review emphasized the need to simplify and expand these mechanisms.",https://www.unodc.org/documents/treaties/UNCAC/WorkingGroups/ImplementationReviewGroup/ExecutiveSummaries/V1504242e.pdf,In progress,
KEN,Kenya,https://www.unodc.org/corruption/en/country-profiles/data/KEN.html,"While progress is noted in areas like witness protection, asset recovery mechanisms, and inter-agency cooperation, the review identifies significant gaps, including the lack of criminalization of foreign bribery, illicit enrichment, and private-sector bribery, as well as challenges in harmonizing definitions of public officials, streamlining bank secrecy procedures, and strengthening sentencing proportionality. Recommendations call for legislative reforms, stronger institutional capacity, improved data collection, and enhanced international cooperation through extradition, mutual legal assistance, and the adoption of special investigative techniques",https://www.unodc.org/documents/treaties/UNCAC/WorkingGroups/ImplementationReviewGroup/ExecutiveSummaries/V1506741e.pdf,"The review recognizes Kenya’s progress, including the adoption of preventive policies, enhanced public participation, reforms in procurement systems, and regional cooperation, but also identifies challenges such as inadequate resources for oversight bodies, gaps in electoral campaign financing regulation, weak enforcement of recommendations, and incomplete asset recovery mechanisms. Recommendations include strengthening institutional independence, improving monitoring and enforcement, enhancing procurement and private-sector regulation, refining financial disclosure and asset recovery systems, and providing technical assistance in areas like procurement audits, capacity building, and digitization",https://www.unodc.org/documents/treaties/UNCAC/WorkingGroups/ImplementationReviewGroup/ExecutiveSummaries2/V1904656e.pdf
KWT,Kuwait,https://www.unodc.org/corruption/en/country-profiles/data/KWT.html,"Kuwait ratified UNCAC in 2006 and its framework is based on the Constitution, Criminal Code, and laws on corruption, money laundering, and public funds, with institutions such as the Public Prosecution, Audit Bureau, Civil Service Commission, Financial Intelligence Unit (FIU), and parliamentary committees overseeing implementation. It criminalizes bribery, trading in influence, embezzlement, abuse of functions, money laundering, obstruction of justice, and some liability of legal persons, with good practices including strong embezzlement provisions, robust banking oversight, and strict measures for suspending or removing corrupt officials. Challenges include the lack of explicit criminalization of foreign and private sector bribery, illicit enrichment, and full obstruction offences, limited liability of legal persons, and absence of comprehensive whistle-blower protections.",https://www.unodc.org/documents/treaties/UNCAC/WorkingGroups/ImplementationReviewGroup/ExecutiveSummaries/V1256907e.pdf,In progress,
LVA,Latvia,https://www.unodc.org/corruption/en/country-profiles/data/LVA.html,"The review noted that the country built its framework on the Constitution, Criminal Law, and specific anti-corruption and AML laws, with Corruption Prevention and Combating Bureau (KNAB) as the lead body. It criminalizes bribery, trading in influence, money laundering, embezzlement, abuse of functions, and liability of legal persons, with good practices like broad trading-in-influence provisions, strong witness protection, and KNAB’s independence. Challenges include clearer criminalization of embezzlement and abuse of functions, whistle-blower protection, consistent sanctions, and limiting parliamentary immunity, while international cooperation is solid but needs more treaties, systematic statistics, and better monitoring",https://www.unodc.org/documents/treaties/UNCAC/WorkingGroups/ImplementationReviewGroup/ExecutiveSummaries/V1401272e.pdf,In progress,
LTU,Lithuania,https://www.unodc.org/corruption/en/country-profiles/data/LTU.html,"The review noted that the national legal framework against corruption is anchored in the Criminal Code (CC), the Criminal Procedure Code (CPC), and a broad set of specialized laws, including the Law on the Special Investigation Service, the Law on Operational Activities, the Law on Prevention of Money Laundering, and other anti-corruption legislation. The Special Investigation Service (SIS) serves as the primary anti-corruption body. The framework criminalizes domestic, foreign, and private sector bribery, as well as trading in influence, embezzlement, abuse of office, illicit enrichment, money laundering, and obstruction of justice.",https://www.unodc.org/documents/treaties/UNCAC/WorkingGroups/ImplementationReviewGroup/ExecutiveSummaries/V1255483e.pdf,"The review highlighted Lithuania’s strengthened anti-corruption framework through the Criminal Code, anti-money laundering (AML) and procurement laws, and institutions such as the Special Investigation Service (SIS), the Financial Intelligence Unit (FIU), and the Prosecutor’s Office. Good practices included the National Anti-Corruption Programme, e-recruitment and e-procurement systems, beneficial ownership registers, whistleblower protections, and robust AML tools. However, the review identified challenges regarding the independence of the SIS, gaps in conflict-of-interest and political finance regulations, weak verification of asset declarations, concerns over judicial independence, limited private sector accountability, and insufficient asset return mechanisms. It recommended legal reforms, stronger oversight, and clearer procedures for asset recovery.",https://track.unodc.org/uploads/documents/UNCAC/WorkingGroups/ImplementationReviewGroup/16-20June2025/CAC-COSP-IRG-II-2-1-Add.38/2504185E.pdf
LUX,Luxembourg,https://www.unodc.org/corruption/en/country-profiles/data/LUX.html,"The review noted that the country enforces the convention through the Criminal Code, Procedure Code, and special laws, with prosecutors, police, FIU, and National Anti-Corruption Committee (COPRECO) as key bodies. It criminalizes bribery, trading in influence, embezzlement, abuse of functions, money laundering, obstruction of justice, and corporate liability, with good practices like broad AML rules, whistle-blower protection, strong FIU powers, and limited immunities. Challenges include absence of illicit enrichment, stronger asset declarations, weak witness protection, no asset management agency, and reform of ministerial prosecution, while international cooperation is strong but needs more treaties, clearer MLA procedures, and joint investigation teams",https://www.unodc.org/documents/treaties/UNCAC/WorkingGroups/ImplementationReviewGroup/ExecutiveSummaries/V1500599e.pdf,In progress,
MKD,Macedonia,https://www.unodc.org/corruption/en/country-profiles/data/MKD.html,"The review observed that a comprehensive framework has been established through the Criminal Code, the Prevention of Corruption Law, and specialized institutions such as the State Commission and the Special Prosecutor’s Office. The legal framework criminalizes bribery (public, foreign, and private sector), trading in influence, money laundering, concealment, embezzlement, abuse of functions, obstruction of justice, illicit enrichment, and includes liability for legal persons, extended confiscation measures, and strong witness protection provisions. However, key shortcomings remain, including limited enforcement of private sector bribery and illicit enrichment, the absence of systematic whistleblower protection, and incomplete coverage of attempted offenses. While international cooperation is underpinned by robust legislation, it requires improved statistical reporting, greater personnel exchanges, and clearer rules on extradition and prosecution.",https://www.unodc.org/documents/treaties/UNCAC/WorkingGroups/ImplementationReviewGroup/ExecutiveSummaries/V1502792e.pdf,"The review highlighted North Macedonia’s progress through institutions such as the State Commission for the Prevention of Corruption (SCPC), Public Prosecutor’s Office, judiciary, and Financial Intelligence Office, supported by measures including the Whistle-Blower Protection Law, a beneficial ownership register, asset declarations, procurement reforms, and AML provisions. However, challenges remained in strengthening the SCPC’s capacity, defining high-risk posts, enforcing asset declarations, limiting exceptions to access-to-information laws, prohibiting tax deductibility of bribes, and expanding anti-corruption education. On asset recovery, the review noted fragmented provisions, overlapping mandates, unclear return procedures, and limited practice, recommending clearer institutional roles, mechanisms for foreign States to pursue claims, enforcement of foreign confiscation orders, preservation of assets in foreign cases, and more effective return processes.",https://www.unodc.org/documents/treaties/UNCAC/WorkingGroups/ImplementationReviewGroup/ExecutiveSummaries2/V2000124e.pdf
MYS,Malaysia,https://www.unodc.org/corruption/en/country-profiles/data/MYS.html,"According to the review, the country operationalizes the convention through the MACC Act, Penal Code, AMLA, and related laws, with institutions like Malaysian Anti-Corruption Commission (MACC),  Attorney General’s Chambers (AGC), Financial Intelligence Unit (FIU), police, customs, and judiciary. The framework criminalizes bribery (public, private, foreign), embezzlement, abuse of functions, money laundering, obstruction of justice, and corporate liability, with good practices such as mandatory reporting of bribery, absence of statute of limitations, specialized anti-corruption courts, MACC’s oversight panels, inter-agency cooperation, and international training programmes. Challenges remain in consolidating embezzlement offences, distinct criminalization of trading in influence, strengthening obstruction of justice laws, enhancing liability of legal persons, and clarifying freezing/confiscation procedures. On international cooperation, Malaysia has extradition and MLA frameworks and bilateral.",https://www.unodc.org/documents/treaties/UNCAC/WorkingGroups/ImplementationReviewGroup/ExecutiveSummaries/V1383920e.pdf,"The review of Malaysia’s second cycle under UNCAC highlighted enforcement through the MACC Act, Anti-Money Laundering and Anti-Terrorism Financing Act AMLATFA, and related laws, supported by institutions such as  Malaysian  Anti-Corruption Commission (MACC), the FIU, judiciary, police, and oversight bodies. Preventive measures included the National Integrity Plan, Government Transformation Programme, integrity units, procurement transparency via MyPROCUREMENT, codes of conduct, and AML supervision, with good practices like independent oversight panels for MACC, integrity training, and e-procurement systems. Challenges remained in regulating political finance, strengthening asset declaration and conflict-of-interest rules, adopting access-to-information legislation, improving whistleblower protection, procurement complaints mechanisms, and clarifying tax deductibility of bribes. On asset recovery, while confiscation and MLA frameworks exist and non-conviction-based forfeiture is recognized, the review noted the need for more streamlined procedures with non-treaty partners.",https://www.unodc.org/documents/treaties/UNCAC/WorkingGroups/ImplementationReviewGroup/ExecutiveSummaries2/V1707027e.pdf
MLT,Malta,https://www.unodc.org/corruption/en/country-profiles/data/MLT.html,"The review highlighted that key institutions in the fight against corruption and economic crime include the Office of the Attorney General, the Police - particularly the Economic Crime Unit, the International Relations Unit, and the INTERPOL Division the Permanent Commission Against Corruption, the Financial Intelligence Analysis Unit (FIAU), the Public Service Commission, the courts, and civil society. Malta has criminalized both active and passive foreign bribery under Articles 115–120 and 121(4) of the Criminal Code. In addition, concealment is criminalized as part of the money-laundering offence, with the PMLA extending liability to persons who conceal criminal proceeds even if they were not involved in the predicate offence.",https://www.unodc.org/documents/treaties/UNCAC/WorkingGroups/ImplementationReviewGroup/ExecutiveSummaries/V1406826e.pdf,"The review highlighted Malta’s institutional framework for preventing and combating corruption and economic crime, led by the Office of the Attorney General, the Malta Police Force, and the Public Accounts Committee, and supported by provisions of the Criminal Code and related policies. However, it noted the absence of a mechanism to evaluate the adequacy and implementation of anti-corruption measures, as well as weak coordination among institutions at the national, regional, and international levels. While some legislative and policy initiatives have targeted corruption in the private sector, the review found persistent gaps in ensuring effective collaboration, oversight, and comprehensive implementation of anti-corruption measures.",https://www.unodc.org/documents/treaties/UNCAC/WorkingGroups/ImplementationReviewGroup/17-21February2025/CAC-COSP-IRG-II-2-1-Add.37/2422434E.pdf
MEX,Mexico,https://www.unodc.org/corruption/en/country-profiles/data/MEX.html,"The review commends the solid legal framework, active anti-corruption institutions, and good practices in data management, training, and asset control. At the same time, it pointed to the need for reforms to criminalize transnational passive bribery, expand the scope of bribery offences, establish liability for legal persons, extend limitation periods, restrict immunities, and strengthen both confiscation mechanisms and whistle-blower protections. It also recommended improving access to financial records, enhancing mutual legal assistance in asset recovery, and enabling joint investigations. Overall, the review acknowledged Mexico’s progress but emphasized that further legislative and enforcement reforms are required to ensure full compliance with UNCAC standards.",https://www.unodc.org/documents/treaties/UNCAC/WorkingGroups/ImplementationReviewGroup/ExecutiveSummaries/V1505960e.pdf,"The review recognized important advances, including the establishment of the National Anti-Corruption System, improvements in transparency, merit-based recruitment in the civil service, greater openness in procurement through CompraNet, and the creation of the Financial Intelligence Unit. At the same time, the review emphasized remaining gaps such as the absence of a fully coordinated national anti-corruption strategy, the need to identify positions particularly exposed to corruption risks, and the importance of strengthening asset declaration mechanisms and avenues for public participation. It also called for enhanced oversight of beneficial ownership, the possibility of pursuing civil actions and recognizing foreign confiscation orders, and extending the termination of ownership to cover all UNCAC-related offences.",https://www.unodc.org/documents/treaties/UNCAC/WorkingGroups/ImplementationReviewGroup/ExecutiveSummaries2/V1808278e.pdf
MDA,Moldova,https://www.unodc.org/corruption/en/country-profiles/data/MDA.html,"The review highlighted the establishment of institutions such as the Anti-Corruption Centre, the National Integrity Commission, and the Prosecutor’s Office, alongside legislation criminalizing bribery, trading in influence, illicit enrichment, money laundering, and providing for liability of legal persons. The framework also included provisions for extended and non-conviction-based confiscation. However, the review noted weaknesses in enforcement, including lenient sanctions, excessive reliance on plea bargains, limited protection for whistleblowers, and the absence of a specialized asset management body. While frameworks for extradition, mutual legal assistance, and joint investigations are in place, the review emphasized the need for clearer procedures, broader treaty coverage, and stronger investigative tools, including wider use of wiretaps.",https://www.unodc.org/documents/treaties/UNCAC/WorkingGroups/ImplementationReviewGroup/ExecutiveSummaries/V1600996e.pdf,In progress,
MNG,Mongolia,https://www.unodc.org/corruption/en/country-profiles/data/MNG.html,"The review observed that the country implements the convention through the Constitution, Criminal Law, Criminal Procedure Law, Anti-Corruption Law, AML legislation, and institutions such as the Independent Authority Against Corruption (IAAC), Prosecutor’s Office, police, and judiciary. Good practices include the creation of IAAC, national corruption surveys, inter-agency cooperation, expanded money-laundering offences, and active reforms to align domestic law with UNCAC. Challenges remain in fully criminalizing foreign and private sector bribery, trading in influence, illicit enrichment, and certain abuses of functions, while law enforcement requires stronger whistle-blower and witness protections, clearer jurisdiction, better asset declaration systems, and more resources for IAAC. International cooperation frameworks exist for extradition, MLA, joint investigations, and special investigative techniques",https://www.unodc.org/documents/treaties/UNCAC/WorkingGroups/ImplementationReviewGroup/ExecutiveSummaries/V1184854e.pdf,"The review of Mongolia’s under UNCAC noted implementation through the Criminal Code, Anti-Corruption Law, Civil Service Law, AML legislation, and institutions such as the Independent Authority Against Corruption (IAAC), Civil Service Council, FIU, and judiciary. Preventive measures included a national anti-corruption strategy, digital civil service exams, codes of conduct, asset and conflict-of-interest declarations, e-procurement, the “Glass Account” Law, and an e-government platform. Good practices highlighted IAAC’s monitoring role, public financial transparency, and active participation in AML and asset recovery networks. Remaining challenges included insufficient whistleblower protection, limited oversight of high-risk posts and procurement, weak private sector cooperation, and gaps in explicitly criminalizing tax deductibility of bribes, beneficial ownership transparency, regulation of non-financial businesses, and the definition of bearer instrument",https://www.unodc.org/documents/treaties/UNCAC/WorkingGroups/ImplementationReviewGroup/12-16June2023/CAC-COSP-IRG-II-4-1-Add.3/2301357E.pdf
NAM,Namibia,https://www.unodc.org/corruption/en/country-profiles/data/NAM.html,"The review highlighted that the country gives effect to the convention through the Constitution, Criminal Procedure Act, Anti-Corruption Act, Prevention of Organised Crime Act (POCA), Financial Intelligence Act 2012 (FIA), and institutions like the Anti-Corruption Commission, Prosecutor-General, Financial Intelligence Centre (FIC), police, and judiciary. Its framework criminalizes bribery, money laundering, embezzlement, abuse of functions, obstruction of justice, and liability of legal persons, though illicit enrichment, indirect bribery, trading in influence, and full witness/whistle-blower protection remain gaps. Good practices include strong inter-agency coordination, flexible dual criminality in extradition, and active regional and INTERPOL cooperation. Challenges persist in aligning definitions of “public official,” enhancing sanctions for legal persons, strengthening asset confiscation and management, adopting whistle-blower legislation, expanding jurisdiction, and ensuring ACC independence. International cooperation mechanisms exist for extradition, MLA, and joint investigations.",https://www.unodc.org/documents/treaties/UNCAC/WorkingGroups/ImplementationReviewGroup/ExecutiveSummaries/V1506982e.pdf,"Namibia ratified UNCAC in 2004 and enforces it through the Anti-Corruption Act, Whistle-blower Protection Act, Witness Protection Act, AML and procurement laws, with institutions including the Namibian Anti-Corruption Commission (ACC), Prosecutor General, Auditor General, and Ombudsman. Preventive measures include the 2021–2025 National Anti-Corruption Strategy, integrity committees, public service rules, procurement oversight, and draft access-to-information legislation, with good practices such as civil society involvement, annual charter audits, and regional AML cooperation. Challenges remain in ACC independence, political finance regulation, whistle-blower protection, conflict-of-interest management, procurement transparency, judicial ethics, and private sector integrity. On asset recovery, Namibia has confiscation and MLA frameworks, an asset forfeiture unit, and a criminal assets fund, but gaps include weak beneficial ownership systems",https://www.unodc.org/documents/treaties/UNCAC/WorkingGroups/ImplementationReviewGroup/10-14June2024/CAC-COSP-IRG-II-5-1/2318152E.pdf
NLD,Netherlands,https://www.unodc.org/corruption/en/country-profiles/data/NLD.html,"According to the review, the country applies the convention through the Penal Code, the Criminal Procedure Code, and related legislation, with enforcement carried out by the police, prosecution services, the Financial Intelligence Unit (FIU), and specialized anti-corruption bodies. The framework criminalizes domestic, foreign, and private sector bribery, embezzlement, abuse of functions, money laundering, obstruction of justice, and establishes corporate liability. Good practices include comprehensive bribery provisions, strong confiscation mechanisms, specialized financial crime courts, and proactive money-laundering prosecutions. Nonetheless, challenges persist in fully criminalizing trading in influence and illicit enrichment, strengthening sanctions for bribery and corporate liability, and enhancing whistleblower protections.",https://www.unodc.org/documents/treaties/UNCAC/WorkingGroups/ImplementationReviewGroup/ExecutiveSummaries/V1403530e.pdf,"The review highlighted the Netherlands’ implementation of UNCAC through the Constitution, the Criminal Code, anti-money laundering (AML) and procurement laws, with oversight by institutions such as the Ombudsman, the Whistle-blowers Authority, the Court of Audit, the Financial Intelligence Unit (FIU), and the Public Prosecution Service. Good practices included beneficial ownership registers, e-procurement systems, freedom of information (FOI) rules, whistleblower protections, risk-based AML supervision, and multidisciplinary teams for confiscation cases. However, the review identified challenges such as the absence of a national anti-corruption strategy, weak monitoring of integrity policies, gaps in political finance transparency, limited verification of conflict-of-interest and asset declarations, shortcomings in whistleblower and post-employment rules, and the lack of clear legislation governing asset return.",https://www.unodc.org/documents/treaties/UNCAC/WorkingGroups/ImplementationReviewGroup/4-8September2023/CAC-COSP-IRG-II-4-1-Add.9/2314963E.pdf
NZL,New Zealand,https://www.unodc.org/corruption/en/country-profiles/data/NZL.html,"The review indicated that the convention is operationalized in the country through the Crimes Act, Secret Commissions Act, Criminal Proceeds (Recovery) Act, and other laws, with key institutions including the Serious Fraud Office, Ministry of Justice, Financial Intelligence Unit (FIU), and Organized Financial Crime Agency of New Zealand (OFCANZ). Its framework criminalizes bribery (domestic, foreign, private sector), trading in influence, money laundering, obstruction of justice, and liability of legal persons, with strong tools like civil forfeiture, no general immunities, broad whistle-blower protection, and specialized authorities. Good practices include a victims’ code, risk assessment tools, and active regional cooperation. Challenges remain in abolishing facilitation payments, criminalizing illicit enrichment, expanding offences (e.g., abuse of functions, private sector embezzlement), ensuring stronger obstruction and disqualification rules, clarifying statutes of limitation, and strengthening extradition and MLA by removing dual criminality barriers and expanding asset recovery mechanisms.",https://www.unodc.org/documents/treaties/UNCAC/WorkingGroups/ImplementationReviewGroup/ExecutiveSummaries/V1704658e.pdf,In progress,
NGA,Nigeria,https://www.unodc.org/corruption/en/country-profiles/data/NGA.html,"The review noted that the country enforces the convention through the Corrupt Practices and Other Related Offences (ICPC)  Act, Economic and Financial Crimes Commission (EFCC) Act, AML laws, Code of Conduct Bureau Act, Penal and Criminal Codes, and institutions such as  Corrupt Practices and Other Related Offences (ICPC), Economic and Financial Crimes Commissio (EFCC), police, and judiciary. It criminalizes bribery, money laundering, embezzlement, abuse of functions, illicit enrichment, obstruction of justice, and liability of legal persons, though gaps remain in fully addressing foreign bribery, trading in influence, private sector bribery, and whistle-blower/witness protection. Good practices include no statute of limitations for corruption offences, confiscation without conviction, and case management reforms to reduce trial delays. Challenges include weak coordination, low sanctions for legal persons, broad immunities for top officials, lack of comprehensive statistics, and pending witness protection and proceeds of crime legislation.",https://www.unodc.org/documents/treaties/UNCAC/WorkingGroups/ImplementationReviewGroup/ExecutiveSummaries/V1403916e.pdf,"The review highlighted Nigeria’s anti-corruption framework under the Independent Corrupt Practices and Other Related Offences Commission (ICPC) Act, the Economic and Financial Crimes Commission (EFCC) Act, the Anti-Money Laundering Act (AMLA), the Public Procurement Act, the Freedom of Information (FOI) Act, and the Code of Conduct Bureau (CCB) Act, implemented by institutions such as the ICPC, EFCC, CCB, Bureau of Public Procurement (BPP), and the Nigerian Financial Intelligence Unit (NFIU). Good practices included the National Anti-Corruption Strategy, ICPC’s Anti-Corruption and Transparency Units, public participation in budget processes, and strong civil society engagement. However, the review noted challenges in clarifying agency mandates, ensuring institutional independence, strengthening whistleblower protections, regulating political finance, and improving procurement oversight. On asset recovery, it recognized effective use of confiscation, non-conviction-based forfeiture, and mutual legal assistance (MLA) tools, alongside progress in asset return.",https://www.unodc.org/documents/treaties/UNCAC/WorkingGroups/ImplementationReviewGroup/ExecutiveSummaries2/V1904649e.pdf
NOR,Norway,https://www.unodc.org/corruption/en/country-profiles/data/NOR.html,"The review notes that the country enforces the convention through the Penal Code, Criminal Procedure Act, and Extradition Act, with institutions like the Ministry of Justice, Prosecution Authority, National Authority for Investigation and Prosecution of Economic and Environmental Crime (ØKOKRIM), and the police as key actors. Its laws criminalize bribery (domestic, foreign, and private sector), trading in influence, embezzlement, abuse of office, money laundering (including self-laundering), obstruction of justice, and liability of legal persons, with good practices such as broad coverage of officials, strong confiscation powers, an all-crimes AML approach, robust witness protection, and effective cooperation between authorities and the private sector. Challenges remain in data collection on corruption offences, clarifying the concept of “promise” in bribery, and ensuring legal certainty for extradition, MLA, confidentiality, and specialty rules.",https://www.unodc.org/documents/treaties/UNCAC/WorkingGroups/ImplementationReviewGroup/ExecutiveSummaries/V1388733e.pdf,"The review highlighted Norway’s robust anti-corruption framework through the Penal Code, AML and procurement laws, and institutions such as National Authority for Investigation and Prosecution of Economic and Environmental Crime (ØKOKRIM), the FIU, and the Auditor General. Good practices included integrity guidelines, ethical codes, political finance transparency, e-procurement, public tax data access, and strong AML measures. However, the review noted gaps in policy coordination, conflict-of-interest rules, whistleblower protection, procurement transparency, and prosecution independence, while recommending clearer procedures for foreign confiscation orders and stronger oversight of beneficial ownership.",https://www.unodc.org/documents/treaties/UNCAC/WorkingGroups/ImplementationReviewGroup/12-16June2023/CAC-COSP-IRG-II-4-1-Add.4/2305608E.pdf
OMN,Oman,https://www.unodc.org/corruption/en/country-profiles/data/OMN.html,"The review found that the convention is operationalized in the country through the Criminal Code, AML and procurement laws, and institutions like the State Audit Institution, Public Prosecution for Public Funds Crimes, Financial Intelligence Unit (FIU), and Royal Oman Police. Its framework criminalizes bribery, embezzlement, abuse of functions, money laundering, concealment, obstruction of justice, and some liability of legal persons, but gaps remain in foreign and private sector bribery, trading in influence, illicit enrichment, full liability of legal persons, and protection for witnesses and whistle-blowers. Good practices include post-service limitation periods for offences, explicit criminalization of acceptance of bribes after the act, and strong domestic institutional cooperation. Challenges include strengthening confiscation and asset management rules, overcoming bank secrecy, broadening jurisdiction, and expanding corporate liability and sanctions.",https://www.unodc.org/documents/treaties/UNCAC/WorkingGroups/ImplementationReviewGroup/ExecutiveSummaries/V1506090e.pdf,"The review highlighted Oman’s anti-corruption framework under the Criminal Code, anti-money laundering (AML) and procurement laws, implemented by the State Audit Institution, Public Prosecution, Financial Intelligence Unit (FIU), and Capital Market Authority. Good practices included judicial integrity measures, e-systems in courts, and participation in Middle East and North Africa Financial Action Task Force (MENAFATF), Cooperation Council for the Arab States of the Gulf (GCC), and  International Criminal Police Organization (INTERPOL). However, the review noted challenges in finalizing the national anti-corruption strategy, strengthening conflict-of-interest and whistleblower protections, regulating political finance, improving procurement transparency, and enhancing private-sector integrity. On asset recovery, it observed that while Oman uses AML provisions and treaties for confiscation and mutual legal assistance (MLA), it lacks comprehensive asset recovery legislation.",https://www.unodc.org/documents/treaties/UNCAC/WorkingGroups/ImplementationReviewGroup/ExecutiveSummaries2/V1904134e.pdf
PRY,Paraguay,https://www.unodc.org/corruption/en/country-profiles/data/PRY.html,"The review highlighted the establishment of an anti-corruption framework involving National Anti-Corruption Secretariat (SENAC), the Public Prosecution Service, the Comptroller-General, Secretariat for the Prevention of Money- and Property-Laundering (SEPRELAD), and the judiciary. The legal framework criminalizes bribery of national officials, trading in influence, embezzlement, illicit enrichment, money laundering, and concealment, with notable progress in asset declarations, inter-agency coordination, and the creation of specialized prosecution units. Nonetheless, important gaps remain, including the absence of criminalization for foreign and private sector bribery and abuse of functions, limited liability for legal persons, weak whistleblower protections, and persistent challenges in asset confiscation. The recommendations therefore emphasize legislative reforms, stronger witness protection, the adoption of a national anti-corruption strategy, and enhanced mechanisms for asset recovery and international cooperation.",https://www.unodc.org/documents/treaties/UNCAC/WorkingGroups/ImplementationReviewGroup/ExecutiveSummaries/V1405628e.pdf,In progress,
PER,Peru,https://www.unodc.org/corruption/en/country-profiles/data/PER.html,"The review  noted reforms to the Criminal Code that criminalize bribery, embezzlement, illicit enrichment, abuse of functions, and money laundering, backed by specialized prosecutors, courts, and police units. Good practices were identified, including the establishment of a national witness protection programme, incentives for cooperation, and mechanisms for inter-agency coordination. Nonetheless, the review highlighted gaps such as the lack of provisions on foreign and private sector bribery, active trading in influence, conspiracy to launder, comprehensive whistleblower protection, and stronger asset confiscation powers. Recommendations focused on legislative reforms, the development of unified corruption statistics, enhanced asset management systems, simplified extradition procedures, more joint investigations, and expanded international cooperation, with technical assistance advised for law drafting, capacity-building, and improvements in mutual legal assistance.",https://www.unodc.org/documents/treaties/UNCAC/WorkingGroups/ImplementationReviewGroup/ExecutiveSummaries/V1383902e.pdf,"Peru’s review under UNCAC highlighted progress through the National Policy on Integrity, the Civil Service Act, procurement and transparency reforms, and AML measures, with institutions such as High Level Anti-Corruption Commission (CAN), the Secretariat for Public Integrity, and the Comptroller General playing key roles. Notable advances included whistleblower protection, lobbying and interest declaration rules, e-procurement, citizen monitoring, and strong FIU powers. Remaining challenges concerned civil service reform, regulation of high-risk posts, enforcement of declarations, and preventing the tax deductibility of bribes. On asset recovery, while confiscation, MLA, and non-conviction-based forfeiture are in place, the review noted difficulties with foreign civil claims, information-sharing on declarations, coverage of foreign accounts, and ensuring full asset return, recommending legal reforms and stronger cooperation.",https://www.unodc.org/documents/treaties/UNCAC/WorkingGroups/ImplementationReviewGroup/ExecutiveSummaries2/V2003431e.pdf
PHL,Philippines,https://www.unodc.org/corruption/en/country-profiles/data/PHL.html,"The Philippines ratified UNCAC in 2006 and enforces it through the Revised Penal Code, Anti-Graft and Corrupt Practices Act, AMLA, Plunder Law, and institutions such as the Ombudsman, Sandiganbayan, Philippine National Police (PNP), Anti-Money Laundering Council (AMLC), and Civil Service Commission (CSC). The framework criminalizes bribery, embezzlement, abuse of functions, illicit enrichment, money laundering, obstruction of justice, and liability of legal persons, with good practices like the Sandiganbayan for high-level cases, the Witness Protection Program, broad AML coverage, and inter-agency cooperation. Challenges include the absence of foreign and private sector bribery offences, incomplete trading in influence provisions, weak whistle-blower protections, limited Office of the Ombudsman (OMB) powers",https://www.unodc.org/documents/treaties/UNCAC/WorkingGroups/ImplementationReviewGroup/ExecutiveSummaries/V1388707e.pdf,"The review highlighted the Philippines’ anti-corruption framework through the Constitution, Anti-Graft and Corrupt Practices Act, Anti-Money Laundering Act (AMLA), Procurement Reform Act, and Forfeiture Law, overseen by the Office of the Ombudsman, Anti-Money Laundering Council, Civil Service Commission, Commission on Audit, and Presidential Anti-Corruption Commission. Good practices included the Integrity Management Program, e-procurement, open data systems, and anti-corruption education. However, the review noted gaps in whistleblower protection, conflict-of-interest management, political finance regulation, procurement appeals, and beneficial ownership transparency, as well as challenges in inter-agency coordination and enforcement capacity.",https://www.unodc.org/documents/treaties/UNCAC/WorkingGroups/ImplementationReviewGroup/13-17June2022/CAC-COSP-IRG-II-3-1-ADD.7/V2202191_E.pdf
POL,Poland,https://www.unodc.org/corruption/en/country-profiles/data/POL.html,"The review observed that the country implements the convention through the Penal Code, Criminal Procedure Code, and specialized laws, with the Central Anti-Corruption Bureau (CBA), prosecution services, and FIU as key institutions. It criminalizes bribery (domestic, foreign, private sector), trading in influence, embezzlement, abuse of functions, money laundering, obstruction of justice, and liability of legal persons, with good practices including broad foreign bribery provisions, protection for immunity witnesses, and online/helpline reporting systems. Challenges remain with loopholes in definitions of public officials, restrictive provisions on private sector bribery and money laundering, weak liability of legal persons, limited whistle-blower protections, excessive immunities, and inefficiencies in asset administration",https://www.unodc.org/documents/treaties/UNCAC/WorkingGroups/ImplementationReviewGroup/13-15October2014/V1406186e.pdf,"The review highlighted Poland’s anti-corruption framework through the Constitution, Criminal Code, AML and procurement laws, overseen by institutions such as the Anti-Corruption Bureau (CBA), Asset Recovery Office, Supreme Audit Office, prosecution, police, and FIU. Good practices included anti-corruption guidelines, e-learning tools, e-procurement, beneficial ownership registers, and extended confiscation. However, the review noted the absence of a national anti-corruption strategy, weak whistleblower protection, fragmented conflict-of-interest and asset declaration systems, limited judicial safeguards, and gaps in asset return laws, recommending stronger coordination, protections, and clearer asset recovery frameworks.",https://www.unodc.org/documents/treaties/UNCAC/WorkingGroups/ImplementationReviewGroup/28Aug-6Sep2024/CAC-COSP-IRG-II-3-1-Add.16/2411550E.pdf
PRT,Portugal,https://www.unodc.org/corruption/en/country-profiles/data/PRT.html,"The review noted the country enforces the convention through the Constitution, Criminal Code, Law 20/2008 on corruption, Law 93/99 on witness protection, and Law 144/99 on international cooperation, with institutions like the Public Prosecutor’s Office, Central Department for Criminal Investigation and Prosecution (DCIAP), and Judicial Police’s anti-corruption unit (UNCC). It criminalizes bribery, trading in influence, embezzlement, abuse of functions, money laundering, obstruction of justice, and liability of legal persons, with good practices such as centralized criminal and bank data systems, hotlines for reporting corruption, NGO cooperation, and anonymous witness protection. Challenges include the absence of illicit enrichment, limits on corporate liability and embezzlement offences, lack of conspiracy and attempt provisions, gaps in asset declaration and retention offences, statutes of limitation starting at commission instead of discovery, and incomplete international cooperation frameworks.",https://www.unodc.org/documents/treaties/UNCAC/WorkingGroups/ImplementationReviewGroup/ExecutiveSummaries/V1385719e.pdf,"The review noted Portugal’s anti-corruption framework through the Constitution, Criminal Code, AML and procurement laws, supported by bodies such as the Council for Corruption Prevention, Public Prosecution Service, FIU, and asset recovery offices. Good practices included the BASE e-procurement portal, prohibition of anonymous donations, AML coordination platforms, beneficial ownership registers, and proactive financial intelligence sharing. However, the review noted the absence of a national anti-corruption strategy, weak whistleblower protection, fragmented conflict-of-interest and asset declaration systems, and unclear asset return procedures, recommending stronger protections, clearer recovery rules, and enhanced international cooperation.",https://www.unodc.org/documents/treaties/UNCAC/WorkingGroups/ImplementationReviewGroup/ExecutiveSummaries2/V1808499e.pdf
QAT,Qatar,https://www.unodc.org/corruption/en/country-profiles/data/QAT.html,"The review observed that the country implements the convention through the Constitution, Penal Code, AML Law, and institutions such as the Public Prosecution, Administrative Control and Transparency Authority, and FIU. Its framework criminalizes bribery, embezzlement, abuse of functions, money laundering, obstruction of justice, and liability of legal persons, but gaps remain in foreign and private sector bribery, illicit enrichment, broader trading in influence, full obstruction offences, and whistle-blower and witness protection. Good practices include treating abuse of functions in the private sector as an AML aggravating factor, unlimited fines for legal persons in money-laundering cases, and remote case-file monitoring. Challenges include clarifying bribery and embezzlement provisions, strengthening asset confiscation, extending jurisdiction, regulating asset management, and improving protection systems. On international cooperation, Qatar has extradition, MLA, and law enforcement frameworks using UNCAC",https://www.unodc.org/documents/treaties/UNCAC/WorkingGroups/ImplementationReviewGroup/ExecutiveSummaries/V1503855e.pdf,"The review found that Qatar has a solid anti-corruption framework grounded in laws on audit, anti-money laundering (AML), procurement, access to information, civil service, and witness protection, implemented by the Administrative Control and Transparency Authority, Audit Bureau, Financial Intelligence Unit (FIU), and Public Prosecution. Good practices included e-procurement, beneficial ownership registers, awareness programmes, and representation of oversight bodies on procurement committees, as well as strong AML frameworks and MLA case management systems. However, the review noted challenges in ensuring the independence of oversight bodies, regulating conflicts of interest, political finance, procurement transparency, and strengthening whistleblower protections.",https://www.unodc.org/documents/treaties/UNCAC/WorkingGroups/ImplementationReviewGroup/17-21February2025/CAC-COSP-IRG-II-5-1-Add.7/2422433E.pdf
KOR,Republic of Korea,https://www.unodc.org/corruption/en/country-profiles/data/KOR.html,"The review highlighted that the convention is operationalized in the country through the Constitution, Criminal Act, AML and whistle-blower laws, with institutions such as the Anti-Corruption and Civil Rights Commission (ACRC), Public Prosecutor’s Office, police, FIU, and the Board of Audit and Inspection. It criminalizes bribery (domestic, foreign, and private sector), trading in influence, embezzlement, abuse of functions, money laundering, obstruction of justice, and liability of legal persons, with good practices including detailed sentencing guidelines, layered bribery sanctions, strong victim protection, dedicated investigative units, and inter-agency cooperation through a national case database. Challenges include gaps in criminalizing undue influence, private sector bribery, certain money-laundering predicates, obstruction of justice, and full corporate liability, while whistle-blower protections need expansion.",https://www.unodc.org/documents/treaties/UNCAC/WorkingGroups/ImplementationReviewGroup/ExecutiveSummaries/V1388701e.pdf,"The review highlighted that  the Republic of Korea’s strengthened anti-corruption framework through the Criminal Act, the Anti-Corruption and Civil Rights Commission (ACRC) Act, the Improper Solicitation and Graft Act, the Public Service Ethics Act, and related AML and procurement laws, with oversight by the ACRC, the Board of Audit and Inspection, the Financial Intelligence Unit (FIU), and prosecution services. Good practices included a comprehensive anti-corruption plan with citizen participation, e-procurement systems, strong access-to-information mechanisms, whistleblower protections, beneficial ownership registers, and active international cooperation. However, the review identified challenges in selection and training for high-risk positions, strengthening conflict-of-interest rules, expanding AML coverage to all non-financial professions, and improving private sector integrity and whistleblower awareness.",https://www.unodc.org/documents/treaties/UNCAC/WorkingGroups/ImplementationReviewGroup/12-16June2023/CAC-COSP-IRG-II-4-1-Add.2/2304564E.pdf
ROU,Romania,https://www.unodc.org/corruption/en/country-profiles/data/ROU.html,"The review notes that the country implements the convention through the Constitution, Criminal Code, anti-corruption and AML laws, and institutions such as the National Anticorruption Directorate (NAD), General Anticorruption Directorate, and National Integrity Agency (NIA). It criminalizes bribery (domestic, foreign, private sector), trading in influence, embezzlement, abuse of functions, money laundering, obstruction of justice, and liability of legal persons, with good practices including broad definitions of public officials, active prosecution of corruption, strong corporate liability rules, and involvement of civil society in the National Anti-Corruption Strategy. Challenges include automatic immunity for self-denunciation, limits on bribery of international officials, parliamentary immunities, lack of criminalization of illicit enrichment",https://www.unodc.org/documents/treaties/UNCAC/WorkingGroups/ImplementationReviewGroup/ExecutiveSummaries/V1387398e.pdf,"The review noted Romania’s comprehensive anti-corruption framework led by the Ministry of Justice, National Anti-Corruption Directorate, National Integrity Agency, General Anti-Corruption Directorate, Financial Intelligence Unit (FIU), and asset management agencies. Good practices included the 2021–2025 National Anti-Corruption Strategy, integrity plans, public asset declaration portals, and conflict-of-interest prevention tools. However, the review highlighted challenges such as excessive use of emergency legislation, limited institutional independence, weak whistleblower and conflict-of-interest rules, procurement irregularities, and gaps in judicial integrity and political finance transparency.",https://www.unodc.org/documents/treaties/UNCAC/WorkingGroups/ImplementationReviewGroup/10-14June2024/CAC-COSP-IRG-II-4-1-Add.10/2318149E.pdf
RUS,Russian Federation,https://www.unodc.org/corruption/en/country-profiles/data/RUS.html,"The review highlighted a wide framework with the Anti-Corruption Act, AML laws, Criminal Code reforms, and institutions like the Presidential Anti-Corruption Council, Prosecutor’s Office, Investigative Committee, and Financial Monitoring Service. It criminalizes bribery (public, foreign, and private sector), embezzlement, abuse of authority, money laundering, obstruction of justice, concealment, and liability of legal persons, with good practices such as proportional fines, cooperation incentives, and specialized anti-corruption units. Key gaps include clarifying “offer” and “promise” of bribes, fully addressing trading in influence and private sector bribery, strengthening judicial consistency and investigator training, and expanding international cooperation through more agreements and systematic data collection",https://www.unodc.org/documents/treaties/UNCAC/WorkingGroups/ImplementationReviewGroup/ExecutiveSummaries/V1382896Ae.pdf,"The review highlighted Russia’s comprehensive anti-corruption framework built on the Anti-Corruption Act, AML laws, civil service and procurement reforms, and national anti-corruption strategies, overseen by the Presidential Council, Prosecutor’s Office, and Rosfinmonitoring. It recognized good practices such as electronic procurement, codes of conduct, whistle-blower protection guidelines, beneficial ownership rules, and active engagement in Financial Action Task Force (FATF), Group of States against Corruption (GRECO), and OECD networks. However, key gaps remain in enforcing conflict-of-interest provisions, strengthening oversight of the private sector, identifying politically exposed persons, and clarifying asset return procedures. The review recommended legislative updates, enhanced training, and clearer asset recovery rules.",https://www.unodc.org/documents/treaties/UNCAC/WorkingGroups/ImplementationReviewGroup/13-17June2022/CAC-COSP-IRG-II-2-1-Add.29/V2108943_E.pdf
SAU,Saudi Arabia,https://www.unodc.org/corruption/en/country-profiles/data/SAU.html,"The review highlights progress such as adoption of laws on bribery, money laundering, abuse of power, and public fund management, supported by bodies like the National Anti-Corruption Commission and Financial Investigation Unit. Strengths include broad domestic bribery criminalization, electronic bank–court links for asset seizures, rewards for reporting, and strong inter-agency cooperation. Key gaps are the absence of foreign bribery, private sector corruption, and illicit enrichment offences, weak witness and whistle-blower protection, limited asset confiscation rules, and slow extradition, with recommendations for legislative reforms, stronger protections, and improved asset recovery and MLA systems",https://www.unodc.org/documents/treaties/UNCAC/WorkingGroups/ImplementationReviewGroup/ExecutiveSummaries/V1506385e.pdf,"The review noted Saudi Arabia’s progress through the National Anti-Corruption Strategy, Nazaha, procurement and civil service reforms, AML legislation, and integrity codes. Positive measures included e-procurement, whistleblower channels, beneficial ownership requirements, integrity training, and an asset recovery manual, along with active participation in FATF and Egmont networks. However, the review noted gaps in conflict-of-interest regulation, enforcement of asset declarations, access to information, inter-agency coordination, and procedures for non-conviction-based confiscation and asset return. It recommended legislative reforms, stronger monitoring, and the creation of a specialized asset management body.",https://www.unodc.org/documents/treaties/UNCAC/WorkingGroups/ImplementationReviewGroup/ExecutiveSummaries2/V1801570e.pdf
SRB,Serbia,https://www.unodc.org/corruption/en/country-profiles/data/SRB.html,"The review observed that the country implements the convention through the Constitution, Criminal Code, Criminal Procedure Code, and laws on liability of legal entities, seizure and confiscation, and witness protection, with institutions such as the Public Prosecutor’s Office, Anti-Corruption Agency, Ministry of Justice, police, and FIU. It criminalizes bribery (public, private, foreign officials), trading in influence, embezzlement, abuse of functions, money laundering, obstruction of justice, and corporate liability, with good practices including broad trading-in-influence provisions, strong confiscation and asset management, liability of legal persons, an online reporting system, and regional cooperation on witness protection. Challenges remain in clarifying bribery provisions for third-party beneficiaries, expanding the definition of foreign officials, harmonizing sanctions & strengthening sentencing guidance",https://www.unodc.org/documents/treaties/UNCAC/WorkingGroups/ImplementationReviewGroup/ExecutiveSummaries/V1401187e.pdf,In progress,
SGP,Singapore,https://www.unodc.org/corruption/en/country-profiles/data/SGP.html,"The review observed that the country implements the convention through the Prevention of Corruption Act, Penal Code, AML and criminal procedure laws, with institutions such as the Corrupt Practices Investigation Bureau (CPIB), Attorney-General’s Chambers (AGC), Monetary Authority of Singapore (MAS), and judiciary overseeing implementation. Its framework criminalizes bribery, trading in influence, embezzlement, abuse of functions, money laundering, obstruction of justice, and liability of legal persons, with good practices like a broad definition of “gratification,” strong AML enforcement, no statute of limitations, strict sentencing norms, CPIB independence, and proactive inter-agency and private sector cooperation. Challenges remain in fully criminalizing illicit enrichment and misconduct in public office, enhancing protection for witnesses and reporting persons, clarifying corporate liability, and broadening jurisdiction.",https://www.unodc.org/documents/treaties/UNCAC/WorkingGroups/ImplementationReviewGroup/ExecutiveSummaries/V1505040e.pdf,"The review found that Singapore maintains a robust anti-corruption framework under the Prevention of Corruption Act, anti-money laundering (AML), procurement, and governance laws, implemented by the Corrupt Practices Investigation Bureau (CPIB), Attorney-General’s Chambers (AGC), Auditor-General, Financial Intelligence Unit (FIU), and the Monetary Authority of Singapore (MAS). Good practices included the Corruption Control Framework, merit-based civil service, procurement via GeBIZ, beneficial ownership registers, and strong AML/CFT supervision, alongside youth outreach and effective inter-agency coordination. However, the review noted challenges in expanding access-to-information rights, strengthening whistleblower protections, enhancing beneficial ownership transparency, and improving financial disclosure systems.",https://www.unodc.org/documents/treaties/UNCAC/WorkingGroups/ImplementationReviewGroup/17-21February2025/CAC-COSP-IRG-II-5-1-Add.8/2424430E.pdf
SVK,Slovakia,https://www.unodc.org/corruption/en/country-profiles/data/SVK.html,"The review observed that the country implements the convention through the Constitution, Criminal Code, Criminal Procedure Code, AML laws, and institutions like the Anti-Corruption Bureau, Special Prosecution Office, Specialized Penal Court, and FIU. It criminalizes bribery (domestic, foreign, private), trading in influence (not “supposed” influence), embezzlement, abuse of functions, money laundering, obstruction of justice, and liability of legal persons, with good practices such as specialized institutions, strong AML and confiscation tools, extended statutes of limitation, and international cooperation mechanisms. Challenges remain in high thresholds for illicit enrichment cases, weak whistle-blower protections.",https://www.unodc.org/documents/treaties/UNCAC/WorkingGroups/ImplementationReviewGroup/ExecutiveSummaries/V1383282e.pdf,"The review noted, under the second UNCAC cycle, Slovakia’s implementation of anti-corruption measures through the Constitution, Criminal Code, AML and procurement laws, and institutions such as the Corruption Prevention Department, Public Procurement Office, Whistle-blower Protection Office, Supreme Audit Office, FIU, Asset Recovery Office, and Special Prosecution Office. Good practices included corruption risk management methodologies, integrity principles, e-procurement systems, beneficial ownership registers, whistleblower protections, and strengthened financial investigations. However, the review highlighted challenges in ensuring the independence and resources of preventive bodies, enhancing civil service and political integrity standards, expanding conflict-of-interest and parliamentary conduct rules, and improving access to information, whistleblower awareness, procurement appeals, and beneficial ownership accuracy.",https://www.unodc.org/documents/treaties/UNCAC/WorkingGroups/ImplementationReviewGroup/4-8September2023/CAC-COSP-IRG-II-41-Add.6/CAC-COSP-IRG-II-41-Add.6-E.pdf
SVN,Slovenia,https://www.unodc.org/corruption/en/country-profiles/data/SVN.html,"The review observed that the country implements the convention through the Criminal Code, Criminal Procedure Act, Integrity and Corruption Prevention Act, and institutions such as the Commission for the Prevention of Corruption, Specialized Prosecutor’s Office, police, and Financial Intelligence Unit (FIU). Its laws criminalize bribery, trading in influence, embezzlement, abuse of functions, money laundering, obstruction of justice, and liability of legal persons, with good practices including dual conviction- and non-conviction-based confiscation systems, cooperation between the Commission and law enforcement, access to banking information, and frequent waiving of immunities. Challenges remain in clarifying the definition of public officials, expanding offences (indirect bribery, solicitation, illicit enrichment, private sector bribery, conspiracy to launder, obstruction promises) ",https://www.unodc.org/documents/treaties/UNCAC/WorkingGroups/ImplementationReviewGroup/ExecutiveSummaries/V1503664e.pdf,"The review noted Slovenia’s implementation of UNCAC through the Integrity and Prevention of Corruption Act, the Anti-Money Laundering (AML) Law, the Criminal Code, and related legislation, overseen by institutions such as the Commission for the Prevention of Corruption (CPC), the Prosecutor’s Office, the Police, and the Financial Intelligence Unit (FIU). Good practices included e-government and open data portals, beneficial ownership registers, risk-based AML supervision, and conflict-of-interest rules. However, the review highlighted challenges in ensuring adequate resources for the CPC, strengthening asset declaration and conflict-of-interest monitoring, improving whistleblower protection, and enforcing post-employment restrictions. On asset recovery, it noted that while Slovenia has confiscation and non-conviction-based forfeiture mechanisms, clearer policies are needed for spontaneous information exchange.",https://www.unodc.org/documents/treaties/UNCAC/WorkingGroups/ImplementationReviewGroup/ExecutiveSummaries2/V2000210e.pdf
ZAF,South Africa,https://www.unodc.org/corruption/en/country-profiles/data/ZAF.html,"According to the review, the country applies the convention through the Prevention and Combating of Corrupt Activities Act, the Prevention of Organized Crime Act, and related laws, with institutions such as the NPA, DPCI, SIU, SCCU, ACTT, Public Protector, and NACF. The framework criminalizes bribery, trading in influence, embezzlement, money laundering, obstruction of justice, and liability of legal persons, with strong provisions on confiscation, whistle-blower and witness protection, and asset forfeiture. Good practices include comprehensive forfeiture mechanisms, detailed procedures for illicit enrichment investigations, and robust protection systems for reporting persons. Challenges remain in fully criminalizing passive foreign bribery, abuse of functions, and illicit enrichment, strengthening sanctions, extending disqualification from office for offenders, and improving video testimony and witness relocation mechanisms",https://www.unodc.org/documents/treaties/UNCAC/WorkingGroups/ImplementationReviewGroup/ExecutiveSummaries/V1257446e.pdf,"The review highlighted South Africa’s anti-corruption framework under the Prevention and Combating of Corrupt Activities Act, Public Finance Management Act, and anti-money laundering (AML) laws, implemented by institutions such as the Anti-Corruption Task Team, Special Investigating Unit (SIU), Financial Intelligence Centre (FIC), Public Service Commission (PSC), and Auditor-General. Good practices included the 2020 National Anti-Corruption Strategy, e-disclosure systems, ethics training, public reporting mechanisms, and strong AML outreach. However, the review noted challenges in institutional coordination, independence, political finance transparency, procurement oversight, and verification of asset declarations. On asset recovery, it highlighted robust confiscation and mutual legal assistance (MLA) frameworks supported by the Asset Forfeiture Unit and the FIC.",https://www.unodc.org/documents/treaties/UNCAC/WorkingGroups/ImplementationReviewGroup/14-18June2021/CACCOSPIRGII41/V2007444e.pdf
ESP,Spain,https://www.unodc.org/corruption/en/country-profiles/data/ESP.html,"The review indicated that the convention is operationalized in the country through the Penal Code, Criminal Procedure Code, and related reforms, with key institutions including the Public Prosecutor’s Office, Special Prosecution Office against Corruption, police units, and the Guardia Civil. It criminalizes bribery (domestic, foreign, private sector), trading in influence, embezzlement, abuse of office, money laundering, obstruction of justice, and corporate liability, with good practices such as strong confiscation powers, broad bribery definitions, specialized prosecution bodies, and active use of Eurojust and joint investigation teams. Challenges remain in gaps on trading in influence, illicit enrichment, whistle-blower protection",https://www.unodc.org/documents/treaties/UNCAC/WorkingGroups/ImplementationReviewGroup/ExecutiveSummaries/V1183525e.pdf,In progress,
SWE,Sweden,https://www.unodc.org/corruption/en/country-profiles/data/SWE.html,"According to the review, the country applies the convention through the Penal Code, Criminal Procedure Code, and laws on extradition and money laundering, with institutions like the National Anti-Corruption Unit, specialized police units, and  Financial Intelligence Unit (FIU). It criminalizes bribery (public, foreign, and private sector), trading in influence, embezzlement, abuse of office, money laundering, obstruction of justice, and corporate liability, with good practices such as broad private-sector bribery provisions, strong witness protection, specialized anti-corruption units, and confiscation tools. Challenges remain in strengthening corporate liability, suspending statutes of limitation for fugitives, whistle-blower protections, and expanding jurisdiction, while international cooperation frameworks are comprehensive, though improvements are needed in data collection, MLA procedures, and monitoring of extradition cases.",https://www.unodc.org/documents/treaties/UNCAC/WorkingGroups/ImplementationReviewGroup/ExecutiveSummaries/V1403536e.pdf,"The review highlighted Sweden’s implementation of UNCAC through the Constitution, Penal Code, anti-money laundering (AML) and procurement laws, with oversight by the Agency for Public Management, the Ombudsmen, the Financial Intelligence Unit (FIU), the Office of the Auditor General, and the police. Good practices included a national anti-corruption action plan, integrity training, e-procurement systems, beneficial ownership registers, whistleblower protections, open government measures, and strong AML controls with due diligence for politically exposed persons (PEPs). However, the review identified challenges in developing actionable anti-corruption commitments, strengthening conflict-of-interest and asset declaration systems, regulating political finance and gifts, enhancing whistleblower safeguards, and improving asset recovery through non-conviction-based confiscation and clear return procedures. It recommended legislative reforms, stronger monitoring, broader cooperation, and alignment with UNCAC asset recovery standards.",https://www.unodc.org/documents/treaties/UNCAC/WorkingGroups/ImplementationReviewGroup/12-16June2023/CAC-COSP-IRG-II-4-1-Add.1/2306050E.pdf
CHE,Switzerland,https://www.unodc.org/corruption/en/country-profiles/data/CHE.html,"The review highlighted that the country gives effect to the convention through the Criminal Code, Criminal Procedure Code, AML and asset restitution laws, with institutions like the Office of the Attorney-General,  Financial Intelligence Unit (FIU), and interdepartmental anti-corruption groups. It criminalizes bribery, embezzlement, abuse of functions, money laundering (including self-laundering), obstruction of justice, and liability of legal persons, with good practices including strong AML prosecutions, liability of companies, confiscation and return of assets without conviction, witness protection, and efficient lifting of bank secrecy. Challenges remain in fully criminalizing trading in influence, undue advantages to third parties, and illicit enrichment, as well as limitations in private sector bribery prosecution, suspension of statutes of limitations, and protections for private-sector whistle-blowers.",https://www.unodc.org/documents/treaties/UNCAC/WorkingGroups/ImplementationReviewGroup/ExecutiveSummaries/V1254317e.pdf,"The review highlighted Switzerland’s strong federal anti-corruption framework anchored in the Criminal Code, Anti-Money Laundering (AML) Act, and procurement laws, with oversight by the Office of the Attorney General, the Federal Police (Fedpol), the Money Laundering Reporting Office (MROS), the Swiss Financial Market Supervisory Authority (FINMA), and the Federal Audit Office. Good practices included the 2021–2024 Anti-Corruption Strategy, codes of conduct, whistleblower protections, e-learning for public officials, beneficial ownership registers, e-procurement systems, and robust asset recovery mechanisms with preventive freezing powers. However, the review identified challenges in political finance transparency, conflict-of-interest regulation, identifying high-risk positions, expanding AML obligations to all designated professions, and enhancing FINMA’s sanctioning authority.",https://www.unodc.org/documents/treaties/UNCAC/WorkingGroups/ImplementationReviewGroup/10-14June2024/CAC-COSP-IRG-II-5-1-Add.2/2405642E.pdf
THA,Thailand,https://www.unodc.org/corruption/en/country-profiles/data/THA.html,"The review highlighted that the country gives effect to the convention through the Criminal Code, Organic Act on Counter Corruption (OACC), Anti-Corruption, Anti-Money Laundering Act (AMLA), Criminal Procedure Code (CPC), Extradition Act, and MLA Act, with institutions such as the National Anti-Corruption Commission (NACC),  Office of Public Sector Anti-Corruption Commission (PACC), and AMLO overseeing implementation. Its laws criminalize bribery, embezzlement, abuse of functions, money laundering, obstruction of justice, and liability of legal persons, but gaps remain in covering foreign and private sector bribery, active trading in influence, illicit enrichment, and obstruction offences. Good practices include specialized bodies like the NACC with constitutional independence, specialized prosecutors, inter-agency coordination via TACC, proactive youth engagement, and extraterritorial jurisdiction for money laundering. Challenges include narrow definitions of offences, weak sanctions for legal persons, absence of illicit enrichment laws",https://www.unodc.org/documents/treaties/UNCAC/WorkingGroups/ImplementationReviewGroup/ExecutiveSummaries/V1608567e.pdf,"The review highlighted Thailand’s anti-corruption framework under the Organic Act on Anti-Corruption, Anti-Money Laundering Act (AMLA), Procurement Act, and Criminal Code, implemented by the National Anti-Corruption Commission (NACC), Anti-Money Laundering Office (AMLO), Auditor General, and judiciary. Good practices included the National Anti-Corruption Strategy, e-procurement, integrity training, AML outreach, and civil society engagement. However, the review noted challenges in coordination, conflict-of-interest reporting, procurement appeals, whistleblower protection, political finance regulation, and full AML coverage. On asset recovery, it observed that while confiscation and mutual legal assistance (MLA) frameworks exist, Thailand lacks direct enforcement of foreign orders and comprehensive non-conviction-based confiscation.",https://www.unodc.org/documents/treaties/UNCAC/WorkingGroups/ImplementationReviewGroup/ExecutiveSummaries2/V2003397e.pdf
TUR,Turkiye,https://www.unodc.org/corruption/en/country-profiles/data/TUR.html,"The review noted that the country enforces the convention through the Constitution, Criminal Code, AML and procurement laws, with institutions such as the judiciary, prosecution, police, and FIU overseeing implementation. Its framework criminalizes bribery (domestic, foreign, and partial private sector), trading in influence, embezzlement, money laundering, obstruction of justice, and liability of legal persons, with good practices like broad definitions of public officials, sanctions for third parties, specialized training modules, and regional cooperation. Challenges remain in fully criminalizing abuse of functions, extending private sector bribery and liability of legal persons, strengthening witness protection, and applying seizure to all offences.",https://www.unodc.org/documents/treaties/UNCAC/WorkingGroups/ImplementationReviewGroup/ExecutiveSummaries/V1601608e.pdf,In progress,
UKR,Ukraine,https://www.unodc.org/corruption/en/country-profiles/data/UKR.html,"The review noted significant reforms to the Criminal Code, Criminal Procedure Code, and related legislation to criminalize public, foreign, and private sector bribery, trading in influence, money laundering, embezzlement, abuse of functions, obstruction of justice, and illicit enrichment. Progress was also seen in the adoption of a national anti-corruption strategy and the creation of specialized institutions. However, the review identified shortcomings such as inconsistent definitions of “bribe” and “illegal benefit,” weak liability of legal persons, uneven application of sanctions, and limited confiscation mechanisms. It recommended clarifying offences, strengthening corporate liability, harmonizing penalties, expanding confiscation measures, and improving extradition, mutual legal assistance, and data systems to enhance international cooperation.",https://www.unodc.org/documents/treaties/UNCAC/WorkingGroups/ImplementationReviewGroup/ExecutiveSummaries/V1257230e.pdf,In progress,
ARE,United Arab Emirates,https://www.unodc.org/corruption/en/country-profiles/data/ARE.html,"According to the review, the country enforced the convention through the Penal Code, the AML law, civil and criminal procedure codes, and a range of institutions including the Ministries of Justice, Interior and Finance, the State Audit Institution, the Public Prosecution, and the Central Bank. The country’s framework criminalizes bribery, trading in influence, embezzlement, abuse of functions, money laundering, concealment, and establishes liability of legal persons. Good practices highlighted included robust AML provisions, clear regulation of concealment, and the inclusion of private-sector bribery. At the same time, the review pointed to gaps such as the absence of criminalization for active foreign and private-sector bribery, illicit enrichment, obstruction of justice, third-party bribery beneficiaries, and the need for stronger protections for witnesses and whistleblowers, as well as more effective asset confiscation and clearer rules on bank secrecy. On international cooperation, the review noted a solid framework under Federal Law No. 39 on Judicial Cooperation.",https://www.unodc.org/documents/treaties/UNCAC/WorkingGroups/ImplementationReviewGroup/ExecutiveSummaries/V1386204e.pdf,In progress,
GBR,United Kingdom,https://www.unodc.org/corruption/en/country-profiles/data/GBR.html,"The review found that the country has put the convention into effect through the Bribery Act 2010, Proceeds of Crime Act 2002, and other laws, with institutions like the Serious Fraud Office, Crown Prosecution Service (CPS), Serious Organised Crime Agency (SOCA), and devolved prosecution services playing key roles. It comprehensively criminalizes bribery (public, private, and foreign), embezzlement, abuse of office, money laundering, obstruction of justice, and corporate liability, with good practices including strict corporate liability for failure to prevent bribery, robust witness and whistle-blower protection, and strong international cooperation in extradition, MLA, and joint investigations. Challenges remain in consolidating corruption statistics, differentiating sanctions between public and private bribery, enhancing asset declarations, ensuring transparency in  Serious Fraud Office (SFO) settlements, and balancing resources for domestic and international enforcement.",https://www.unodc.org/documents/treaties/UNCAC/WorkingGroups/ImplementationReviewGroup/ExecutiveSummaries/V1382015e.pdf,"The review highlighted the United Kingdom’s robust anti-corruption framework under the Bribery Act, Proceeds of Crime Act, AML Regulations, and transparency laws, overseen by bodies such as Joint Anti-Corruption Unit (JACU), Serious Fraud Office (SFO), National Crime Agency (NCA), Financial Conduct Authority (FCA), Crown Prosecution Service (CPS), and FIU. Good practices included the 2017–2022 Anti-Corruption Strategy, beneficial ownership registers, strong AML measures, unexplained wealth orders, and e-procurement. However, the review noted gaps in political finance transparency, conflict-of-interest management, whistleblower protection, procurement oversight, and asset return rules, recommending stronger monitoring, legal reforms, and clearer recovery procedures.",https://www.unodc.org/documents/treaties/UNCAC/WorkingGroups/ImplementationReviewGroup/ExecutiveSummaries2/V1901637e.pdf
USA,United States,https://www.unodc.org/corruption/en/country-profiles/data/USA.html,"The review noted a strong legal and institutional framework built on laws such as the Foreign Corrupt Practices Act, bribery provisions, money-laundering statutes, and forfeiture regimes, implemented by bodies including the Department of Justice, Securities and Exchange Commission (SEC), and specialized anti-corruption units. The framework effectively criminalizes bribery, embezzlement, money laundering, obstruction of justice, and establishes corporate liability, with robust enforcement supported by substantial resources, witness protection, whistleblower safeguards, and asset recovery mechanisms. Good practices highlighted included the active prosecution of foreign bribery, broad application of corporate liability, and efficient extradition and mutual legal assistance procedures. At the same time, the review pointed to remaining challenges such as the continued allowance of facilitation payments, statutes of limitation, the absence of federal-level commercial bribery provisions, and the need for stronger coordination across multiple agencies.",https://www.unodc.org/documents/treaties/UNCAC/WorkingGroups/ImplementationReviewGroup/ExecutiveSummaries/V1251970e.pdf,"The review highlighted the United States’ comprehensive anti-corruption framework under the Foreign Corrupt Practices Act, Ethics in Government Act, AML and procurement laws, with key institutions including the Department of Justice (DOJ), Securities and Exchange Commission (SEC), Office of Government Ethics (OGE), Offices of Inspectors General (OIGs), and the Financial Crimes Enforcement Network (FinCEN). Good practices included strong ethics and disclosure systems, robust AML regulations, e-procurement, beneficial ownership reporting, the Kleptocracy Asset Recovery Initiative, and active international cooperation on asset recovery and mutual legal assistance (MLA). However, the review noted challenges in ensuring oversight body independence, expanding whistleblower protections, strengthening beneficial ownership transparency, supervising corporate AML compliance, addressing judicial conduct codes, prohibiting tax deductibility of facilitation payments, and clarifying asset return mechanisms.",https://www.unodc.org/documents/treaties/UNCAC/WorkingGroups/ImplementationReviewGroup/12-16June2023/CAC-COSP-IRG-II-3-1-Add.10/2307244E.pdf
URY,Uruguay,https://www.unodc.org/corruption/en/country-profiles/data/URY.html,"The review noted establishment of country's framework through Act No. 18.056, AML and criminal laws, with institutions like the Transparency and Public Ethics Board, the Anti-Money-Laundering Secretariat, prosecutors, and the judiciary. It criminalizes bribery, trading in influence, embezzlement, abuse of functions, money laundering, and obstruction of justice, with sanctions, confiscation powers, and some protections, but lacks full provisions on illicit enrichment, private sector bribery, and liability of legal persons. Recommendations call for expanding criminalization, strengthening witness and whistle-blower protection, improving confiscation and asset management, and enhancing extradition, MLA, and joint investigation frameworks",https://www.unodc.org/documents/treaties/UNCAC/WorkingGroups/ImplementationReviewGroup/ExecutiveSummaries/V1406657e.pdf,"The review of Uruguay’s second UNCAC cycle highlighted progress through the Transparency and Public Ethics Board (JUTEP), procurement and civil service reforms, access-to-information laws, political finance regulations, and AML measures. Advances included whistleblower channels, public salary transparency, beneficial ownership registers, and due diligence requirements for politically exposed persons, along with active participation in the Egmont and Financial Action Task Force of Latin America (GAFILAT) networks. However, the review noted gaps in JUTEP’s resourcing, weak enforcement of asset declarations, limited private sector integrity measures, and the absence of clear rules on foreign confiscation and asset return. It recommended stronger monitoring, targeted legislative reforms, and clearer cooperation mechanisms.",https://www.unodc.org/documents/treaties/UNCAC/WorkingGroups/ImplementationReviewGroup/ExecutiveSummaries2/V2000143e.pdfummary,Review Cycle 1 - PDF Link,Review Cycle 2 - Summary,Review Cycle 2 - Link
ALB,Albania,https://www.unodc.org/corruption/en/country-profiles/data/ALB.html,"The review underscored progress in criminalizing bribery (national, foreign, and private sector), trading in influence, money laundering, embezzlement, abuse of functions, and establishing liability for legal persons, supported by specialized prosecutors, police units, and the Financial Intelligence Unit (FIU). Key strengths include mandatory prosecution, robust confiscation provisions, witness protection, and cooperation incentives. However, gaps persist in addressing illicit enrichment, interference with evidence, entity-related bribery, and asset management. The recommendations call for expanding criminalization, strengthening protections for whistleblowers and experts, improving regulation of confiscated assets, disqualifying corrupt officials from state-owned enterprises, and enhancing extradition, mutual legal assistance, and reintegration measures.",https://www.unodc.org/documents/treaties/UNCAC/WorkingGroups/ImplementationReviewGroup/ExecutiveSummaries/V1601967e.pdf,"The review noted Albania’s reforms under the second UNCAC cycle, including a national anti-corruption strategy, whistleblower protection, asset declarations, procurement and financial regulations, access-to-information rules, and AML measures. Good practices included Integrity Week, beneficial ownership registers, asset declaration portals, and strong international cooperation. However, challenges remained in regulating high-risk posts, ensuring transparency in political financing, protecting whistleblower anonymity, strengthening procurement oversight, addressing judicial backlogs, and improving asset recovery. The review recommended institutional strengthening, legislative reforms, and clearer rules for asset return.",https://track.unodc.org/uploads/documents/UNCAC/WorkingGroups/ImplementationReviewGroup/1-5September2025/CAC-COSP-IRG-II-1-1-Add.26/2508863E.pdf
ARG,Argentina,https://www.unodc.org/corruption/en/country-profiles/data/ARG.html,"The review highlighted that the country the convention enforces it through the Constitution, Criminal Code, and related l
VEN,Venezuela,https://www.unodc.org/corruption/en/country-profiles/data/VEN.html,"The review noted that the country enforces the convention through the Constitution, Anti-Corruption Act, Criminal Code, and Organized Crime and Terrorism Financing Act, with institutions such as the Ombudsman, Public Prosecution Service, Comptroller-General, and  FIU. Its framework criminalizes bribery, embezzlement, abuse of functions, illicit enrichment, money laundering, and obstruction of justice, but gaps remain in foreign and private sector bribery, supposed influence, broader liability of legal persons, obstruction offences, and whistle-blower protection. Good practices include no statute of limitations for corruption and organized crime offences, broad illicit enrichment provisions, strong witness protection measures, and property securing up to twice the damage caused. Challenges include clarifying bribery and trading-in-influence definitions, regulating asset management, and improving cooperation with law enforcement and private sector.",https://www.unodc.org/documents/treaties/UNCAC/WorkingGroups/ImplementationReviewGroup/ExecutiveSummaries/V1604735e.pdf,"The review highlighted Venezuela’s anti-corruption framework under the Constitution, Decree-Law on Corruption, and AML and procurement laws, overseen by the Comptroller General’s Office, Public Prosecution Service, Financial Intelligence Unit (FIU), Ombudsman, and National Anti-Corruption Agency. Good practices included the National Anti-Corruption Plan, citizen participation programmes, public disqualification lists, and integrity outreach in schools. However, the review noted challenges in ensuring institutional independence, verifying asset declarations, regulating conflicts of interest, strengthening whistleblower protection, and improving political finance transparency and procurement oversight. On asset recovery, it found that while confiscation and mutual legal assistance (MLA) frameworks exist, Venezuela lacks provisions for non-conviction-based confiscation and recognition of foreign orders.",https://www.unodc.org/documents/treaties/UNCAC/WorkingGroups/ImplementationReviewGroup/4-8September2023/CAC-COSP-IRG-II-4-1-Add.8/2314656E.pdf